id,session_id,student_id,comments,marked,payment,status,created_at,updated_at
1,1,1,"","",1,registered,2021-07-01 12:42:31.25+08,2021-07-01 12:42:31.25+08
2,2,2,"","",,registered,2021-07-01 12:42:31.25+08,2021-07-01 12:42:31.25+08
3,2,3,"","",,registered,2021-07-01 12:42:31.25+08,2021-07-01 12:42:31.25+08
4,2,4,"","",,registered,2021-07-01 12:42:31.25+08,2021-07-01 12:42:31.25+08
5,3,5,"","",,registered,2021-07-01 12:42:31.25+08,2021-07-01 12:42:31.25+08
6,3,6,"","",,registered,2021-07-01 12:42:31.25+08,2021-07-01 12:42:31.25+08
7,3,7,"","",,registered,2021-07-01 12:42:31.25+08,2021-07-01 12:42:31.25+08
8,3,8,"","",,registered,2021-07-01 12:42:31.25+08,2021-07-01 12:42:31.25+08
9,3,9,"","",,registered,2021-07-01 12:42:31.25+08,2021-07-01 12:42:31.25+08
10,3,10,"","",,registered,2021-07-01 12:42:31.25+08,2021-07-01 12:42:31.25+08
11,3,11,"","",,registered,2021-07-01 12:42:31.25+08,2021-07-01 12:42:31.25+08
12,4,12,"","",,registered,2021-07-01 12:42:31.25+08,2021-07-01 12:42:31.25+08
13,4,13,"","",,registered,2021-07-01 12:42:31.25+08,2021-07-01 12:42:31.25+08
14,4,14,"","",,registered,2021-07-01 12:42:31.25+08,2021-07-01 12:42:31.25+08
15,4,15,"","",,registered,2021-07-01 12:42:31.25+08,2021-07-01 12:42:31.25+08
16,5,16,"","",,registered,2021-07-01 12:42:31.25+08,2021-07-01 12:42:31.25+08
17,5,17,"","",,registered,2021-07-01 12:42:31.25+08,2021-07-01 12:42:31.25+08
18,5,18,"","",,registered,2021-07-01 12:42:31.25+08,2021-07-01 12:42:31.25+08
19,5,19,"","",,registered,2021-07-01 12:42:31.25+08,2021-07-01 12:42:31.25+08
20,5,20,"","",,registered,2021-07-01 12:42:31.25+08,2021-07-01 12:42:31.25+08
21,5,21,"","",,registered,2021-07-01 12:42:31.25+08,2021-07-01 12:42:31.25+08
22,5,22,"","",,registered,2021-07-01 12:42:31.25+08,2021-07-01 12:42:31.25+08
23,5,23,"","",,registered,2021-07-01 12:42:31.25+08,2021-07-01 12:42:31.25+08
24,5,5,"","",,registered,2021-07-01 12:42:31.25+08,2021-07-01 12:42:31.25+08
25,6,24,"","",2,registered,2021-07-01 12:42:31.25+08,2021-07-01 12:42:31.25+08
26,6,25,"","",3,registered,2021-07-01 12:42:31.25+08,2021-07-01 12:42:31.25+08
27,6,26,"","",4,registered,2021-07-01 12:42:31.25+08,2021-07-01 12:42:31.25+08
28,6,27,"","",5,registered,2021-07-01 12:42:31.25+08,2021-07-01 12:42:31.25+08
29,6,28,"","",6,registered,2021-07-01 12:42:31.25+08,2021-07-01 12:42:31.25+08
30,6,29,"","",7,registered,2021-07-01 12:42:31.25+08,2021-07-01 12:42:31.25+08
31,6,30,"","",,registered,2021-07-01 12:42:31.25+08,2021-07-01 12:42:31.25+08
32,6,31,"","",8,registered,2021-07-01 12:42:31.25+08,2021-07-01 12:42:31.25+08
33,6,32,"","",9,registered,2021-07-01 12:42:31.25+08,2021-07-01 12:42:31.25+08
34,6,33,"","",10,registered,2021-07-01 12:42:31.25+08,2021-07-01 12:42:31.25+08
35,7,34,"","",11,registered,2021-07-01 12:42:31.25+08,2021-07-01 12:42:31.25+08
36,7,35,"","",,registered,2021-07-01 12:42:31.25+08,2021-07-01 12:42:31.25+08
37,7,36,"","",10,registered,2021-07-01 12:42:31.25+08,2021-07-01 12:42:31.25+08
38,8,37,"","",12,registered,2021-07-01 12:42:31.25+08,2021-07-01 12:42:31.25+08
39,9,38,"","",13,registered,2021-07-01 12:42:31.25+08,2021-07-01 12:42:31.25+08
40,10,39,"","",14,registered,2021-07-01 12:42:31.25+08,2021-07-01 12:42:31.25+08
41,10,40,"","",15,registered,2021-07-01 12:42:31.25+08,2021-07-01 12:42:31.25+08
42,10,41,"","",16,registered,2021-07-01 12:42:31.25+08,2021-07-01 12:42:31.25+08
43,11,42,"","",,registered,2021-07-01 12:42:31.25+08,2021-07-01 12:42:31.25+08
44,11,43,"","",,registered,2021-07-01 12:42:31.25+08,2021-07-01 12:42:31.25+08
45,12,44,"","",,registered,2021-07-01 12:42:31.25+08,2021-07-01 12:42:31.25+08
46,13,1,"","",1,registered,2021-07-01 12:42:31.25+08,2021-07-01 12:42:31.25+08
47,14,2,"","",,registered,2021-07-01 12:42:31.25+08,2021-07-01 12:42:31.25+08
48,14,3,"","",,registered,2021-07-01 12:42:31.25+08,2021-07-01 12:42:31.25+08
49,14,4,"","",,registered,2021-07-01 12:42:31.25+08,2021-07-01 12:42:31.25+08
50,15,5,"","",,registered,2021-07-01 12:42:31.25+08,2021-07-01 12:42:31.25+08
51,15,6,"","",,registered,2021-07-01 12:42:31.25+08,2021-07-01 12:42:31.25+08
52,15,7,"","",,registered,2021-07-01 12:42:31.25+08,2021-07-01 12:42:31.25+08
53,15,8,"","",,registered,2021-07-01 12:42:31.25+08,2021-07-01 12:42:31.25+08
54,15,9,"","",,registered,2021-07-01 12:42:31.25+08,2021-07-01 12:42:31.25+08
55,15,10,"","",,registered,2021-07-01 12:42:31.25+08,2021-07-01 12:42:31.25+08
56,15,11,"","",,registered,2021-07-01 12:42:31.25+08,2021-07-01 12:42:31.25+08
57,16,12,"","",,registered,2021-07-01 12:42:31.25+08,2021-07-01 12:42:31.25+08
58,16,13,"","",,registered,2021-07-01 12:42:31.25+08,2021-07-01 12:42:31.25+08
59,16,14,"","",,registered,2021-07-01 12:42:31.25+08,2021-07-01 12:42:31.25+08
60,16,15,"","",,registered,2021-07-01 12:42:31.25+08,2021-07-01 12:42:31.25+08
61,17,16,"","",,registered,2021-07-01 12:42:31.25+08,2021-07-01 12:42:31.25+08
62,17,17,"","",,registered,2021-07-01 12:42:31.25+08,2021-07-01 12:42:31.25+08
63,17,18,"","",,registered,2021-07-01 12:42:31.25+08,2021-07-01 12:42:31.25+08
64,17,19,"","",,registered,2021-07-01 12:42:31.25+08,2021-07-01 12:42:31.25+08
65,17,20,"","",,registered,2021-07-01 12:42:31.25+08,2021-07-01 12:42:31.25+08
66,17,21,"","",,registered,2021-07-01 12:42:31.25+08,2021-07-01 12:42:31.25+08
67,17,22,"","",,registered,2021-07-01 12:42:31.25+08,2021-07-01 12:42:31.25+08
68,17,23,"","",,registered,2021-07-01 12:42:31.25+08,2021-07-01 12:42:31.25+08
69,17,5,"","",,registered,2021-07-01 12:42:31.25+08,2021-07-01 12:42:31.25+08
70,18,24,"","",2,registered,2021-07-01 12:42:31.25+08,2021-07-01 12:42:31.25+08
71,18,25,"","",3,registered,2021-07-01 12:42:31.25+08,2021-07-01 12:42:31.25+08
72,18,26,"","",4,registered,2021-07-01 12:42:31.25+08,2021-07-01 12:42:31.25+08
73,18,27,"","",5,registered,2021-07-01 12:42:31.25+08,2021-07-01 12:42:31.25+08
74,18,28,"","",6,registered,2021-07-01 12:42:31.25+08,2021-07-01 12:42:31.25+08
75,18,29,"","",7,registered,2021-07-01 12:42:31.25+08,2021-07-01 12:42:31.25+08
76,18,30,"","",,registered,2021-07-01 12:42:31.25+08,2021-07-01 12:42:31.25+08
77,18,31,"","",8,registered,2021-07-01 12:42:31.25+08,2021-07-01 12:42:31.25+08
78,18,32,"","",9,registered,2021-07-01 12:42:31.25+08,2021-07-01 12:42:31.25+08
79,18,33,"","",10,registered,2021-07-01 12:42:31.25+08,2021-07-01 12:42:31.25+08
80,19,34,"","",11,registered,2021-07-01 12:42:31.25+08,2021-07-01 12:42:31.25+08
81,19,35,"","",,registered,2021-07-01 12:42:31.25+08,2021-07-01 12:42:31.25+08
82,19,36,"","",10,registered,2021-07-01 12:42:31.25+08,2021-07-01 12:42:31.25+08
83,20,38,"","",13,registered,2021-07-01 12:42:31.25+08,2021-07-01 12:42:31.25+08
84,21,39,"","",14,registered,2021-07-01 12:42:31.25+08,2021-07-01 12:42:31.25+08
85,21,40,"","",15,registered,2021-07-01 12:42:31.25+08,2021-07-01 12:42:31.25+08
86,21,41,"","",16,registered,2021-07-01 12:42:31.25+08,2021-07-01 12:42:31.25+08
87,22,42,"","",,registered,2021-07-01 12:42:31.25+08,2021-07-01 12:42:31.25+08
88,22,43,"","",,registered,2021-07-01 12:42:31.25+08,2021-07-01 12:42:31.25+08
89,23,1,"","",1,registered,2021-07-01 12:42:31.25+08,2021-07-01 12:42:31.25+08
90,24,2,"","",,registered,2021-07-01 12:42:31.25+08,2021-07-01 12:42:31.25+08
91,24,3,"","",,registered,2021-07-01 12:42:31.25+08,2021-07-01 12:42:31.25+08
92,24,4,"","",,registered,2021-07-01 12:42:31.25+08,2021-07-01 12:42:31.25+08
93,25,5,"","",,registered,2021-07-01 12:42:31.25+08,2021-07-01 12:42:31.25+08
94,25,6,"","",,registered,2021-07-01 12:42:31.25+08,2021-07-01 12:42:31.25+08
95,25,7,"","",,registered,2021-07-01 12:42:31.25+08,2021-07-01 12:42:31.25+08
96,25,8,"","",,registered,2021-07-01 12:42:31.25+08,2021-07-01 12:42:31.25+08
97,25,9,"","",,registered,2021-07-01 12:42:31.25+08,2021-07-01 12:42:31.25+08
98,25,10,"","",,registered,2021-07-01 12:42:31.25+08,2021-07-01 12:42:31.25+08
99,25,11,"","",,registered,2021-07-01 12:42:31.25+08,2021-07-01 12:42:31.25+08
100,26,45,"","",,registered,2021-07-01 12:42:31.25+08,2021-07-01 12:42:31.25+08
101,26,12,"","",,registered,2021-07-01 12:42:31.25+08,2021-07-01 12:42:31.25+08
102,26,13,"","",,registered,2021-07-01 12:42:31.25+08,2021-07-01 12:42:31.25+08
103,26,14,"","",,registered,2021-07-01 12:42:31.25+08,2021-07-01 12:42:31.25+08
104,26,15,"","",,registered,2021-07-01 12:42:31.25+08,2021-07-01 12:42:31.25+08
105,27,16,"","",,registered,2021-07-01 12:42:31.25+08,2021-07-01 12:42:31.25+08
106,27,17,"","",,registered,2021-07-01 12:42:31.25+08,2021-07-01 12:42:31.25+08
107,27,18,"","",,registered,2021-07-01 12:42:31.25+08,2021-07-01 12:42:31.25+08
108,27,19,"","",,registered,2021-07-01 12:42:31.25+08,2021-07-01 12:42:31.25+08
109,27,20,"","",,registered,2021-07-01 12:42:31.25+08,2021-07-01 12:42:31.25+08
110,27,21,"","",,registered,2021-07-01 12:42:31.25+08,2021-07-01 12:42:31.25+08
111,27,22,"","",,registered,2021-07-01 12:42:31.25+08,2021-07-01 12:42:31.25+08
112,27,23,"","",,registered,2021-07-01 12:42:31.25+08,2021-07-01 12:42:31.25+08
113,27,5,"","",,registered,2021-07-01 12:42:31.25+08,2021-07-01 12:42:31.25+08
114,28,24,"","",2,registered,2021-07-01 12:42:31.25+08,2021-07-01 12:42:31.25+08
115,28,25,"","",3,registered,2021-07-01 12:42:31.25+08,2021-07-01 12:42:31.25+08
116,28,26,"","",4,registered,2021-07-01 12:42:31.25+08,2021-07-01 12:42:31.25+08
117,28,27,"","",5,registered,2021-07-01 12:42:31.25+08,2021-07-01 12:42:31.25+08
118,28,28,"","",6,registered,2021-07-01 12:42:31.25+08,2021-07-01 12:42:31.25+08
119,28,29,"","",7,registered,2021-07-01 12:42:31.25+08,2021-07-01 12:42:31.25+08
120,28,30,"","",,registered,2021-07-01 12:42:31.25+08,2021-07-01 12:42:31.25+08
121,28,31,"","",8,registered,2021-07-01 12:42:31.25+08,2021-07-01 12:42:31.25+08
122,28,32,"","",9,registered,2021-07-01 12:42:31.25+08,2021-07-01 12:42:31.25+08
123,28,33,"","",10,registered,2021-07-01 12:42:31.25+08,2021-07-01 12:42:31.25+08
124,29,34,"","",11,registered,2021-07-01 12:42:31.25+08,2021-07-01 12:42:31.25+08
125,29,35,"","",,registered,2021-07-01 12:42:31.25+08,2021-07-01 12:42:31.25+08
126,29,36,"","",10,registered,2021-07-01 12:42:31.25+08,2021-07-01 12:42:31.25+08
127,30,38,"","",13,registered,2021-07-01 12:42:31.25+08,2021-07-01 12:42:31.25+08
128,31,42,"","",,registered,2021-07-01 12:42:31.25+08,2021-07-01 12:42:31.25+08
129,31,43,"","",,registered,2021-07-01 12:42:31.25+08,2021-07-01 12:42:31.25+08
130,32,46,"","",,registered,2021-07-01 12:42:31.25+08,2021-07-01 12:42:31.25+08
131,33,47,"","",17,registered,2021-07-01 12:42:31.25+08,2021-07-01 12:42:31.25+08
132,34,48,"","",,registered,2021-07-01 12:42:31.25+08,2021-07-01 12:42:31.25+08
133,34,49,"","",,registered,2021-07-01 12:42:31.25+08,2021-07-01 12:42:31.25+08
134,34,50,"","",,registered,2021-07-01 12:42:31.25+08,2021-07-01 12:42:31.25+08
135,34,51,"","",,registered,2021-07-01 12:42:31.25+08,2021-07-01 12:42:31.25+08
136,35,52,"","",,registered,2021-07-01 12:42:31.25+08,2021-07-01 12:42:31.25+08
137,35,53,"","",,registered,2021-07-01 12:42:31.25+08,2021-07-01 12:42:31.25+08
138,35,54,"","",,registered,2021-07-01 12:42:31.25+08,2021-07-01 12:42:31.25+08
139,35,55,"","",,registered,2021-07-01 12:42:31.25+08,2021-07-01 12:42:31.25+08
140,36,56,"","",,registered,2021-07-01 12:42:31.25+08,2021-07-01 12:42:31.25+08
141,36,57,"","",,registered,2021-07-01 12:42:31.25+08,2021-07-01 12:42:31.25+08
142,37,1,"","",1,registered,2021-07-01 12:42:31.25+08,2021-07-01 12:42:31.25+08
143,37,58,"","",18,registered,2021-07-01 12:42:31.25+08,2021-07-01 12:42:31.25+08
144,37,59,"","",19,registered,2021-07-01 12:42:31.25+08,2021-07-01 12:42:31.25+08
145,37,60,"","",20,registered,2021-07-01 12:42:31.25+08,2021-07-01 12:42:31.25+08
146,37,61,"","",21,registered,2021-07-01 12:42:31.25+08,2021-07-01 12:42:31.25+08
147,38,62,"","",,registered,2021-07-01 12:42:31.25+08,2021-07-01 12:42:31.25+08
148,38,63,"","",,registered,2021-07-01 12:42:31.25+08,2021-07-01 12:42:31.25+08
149,38,25,"","",3,registered,2021-07-01 12:42:31.25+08,2021-07-01 12:42:31.25+08
150,39,4,"","",22,registered,2021-07-01 12:42:31.25+08,2021-07-01 12:42:31.25+08
151,39,64,"","",,registered,2021-07-01 12:42:31.25+08,2021-07-01 12:42:31.25+08
152,39,65,"","",23,registered,2021-07-01 12:42:31.25+08,2021-07-01 12:42:31.25+08
153,40,66,"","",,registered,2021-07-01 12:42:31.25+08,2021-07-01 12:42:31.25+08
154,40,5,"","",,registered,2021-07-01 12:42:31.25+08,2021-07-01 12:42:31.25+08
155,41,34,"","",11,registered,2021-07-01 12:42:31.25+08,2021-07-01 12:42:31.25+08
156,42,67,"","",,registered,2021-07-01 12:42:31.25+08,2021-07-01 12:42:31.25+08
157,42,68,"","",,registered,2021-07-01 12:42:31.25+08,2021-07-01 12:42:31.25+08
158,42,69,"","",,registered,2021-07-01 12:42:31.25+08,2021-07-01 12:42:31.25+08
159,42,70,"","",,registered,2021-07-01 12:42:31.25+08,2021-07-01 12:42:31.25+08
160,42,71,"","",,registered,2021-07-01 12:42:31.25+08,2021-07-01 12:42:31.25+08
161,42,72,"","",,registered,2021-07-01 12:42:31.25+08,2021-07-01 12:42:31.25+08
162,43,73,"","",,registered,2021-07-01 12:42:31.25+08,2021-07-01 12:42:31.25+08
163,43,74,"","",,registered,2021-07-01 12:42:31.25+08,2021-07-01 12:42:31.25+08
164,43,75,"","",,registered,2021-07-01 12:42:31.25+08,2021-07-01 12:42:31.25+08
165,44,26,"","",4,registered,2021-07-01 12:42:31.25+08,2021-07-01 12:42:31.25+08
166,44,24,"","",2,registered,2021-07-01 12:42:31.25+08,2021-07-01 12:42:31.25+08
167,44,27,"","",5,registered,2021-07-01 12:42:31.25+08,2021-07-01 12:42:31.25+08
168,44,28,"","",6,registered,2021-07-01 12:42:31.25+08,2021-07-01 12:42:31.25+08
169,44,29,"","",7,registered,2021-07-01 12:42:31.25+08,2021-07-01 12:42:31.25+08
170,44,32,"","",9,registered,2021-07-01 12:42:31.25+08,2021-07-01 12:42:31.25+08
171,44,30,"","",,registered,2021-07-01 12:42:31.25+08,2021-07-01 12:42:31.25+08
172,45,76,"","",,registered,2021-07-01 12:42:31.25+08,2021-07-01 12:42:31.25+08
173,45,77,"","",24,registered,2021-07-01 12:42:31.25+08,2021-07-01 12:42:31.25+08
174,45,78,"","",24,registered,2021-07-01 12:42:31.25+08,2021-07-01 12:42:31.25+08
175,45,79,"","",,registered,2021-07-01 12:42:31.25+08,2021-07-01 12:42:31.25+08
176,46,80,"","",,registered,2021-07-01 12:42:31.25+08,2021-07-01 12:42:31.25+08
177,46,81,"","",25,registered,2021-07-01 12:42:31.25+08,2021-07-01 12:42:31.25+08
178,47,82,"","",26,registered,2021-07-01 12:42:31.25+08,2021-07-01 12:42:31.25+08
179,48,83,"","",27,registered,2021-07-01 12:42:31.25+08,2021-07-01 12:42:31.25+08
180,48,84,"","",,registered,2021-07-01 12:42:31.25+08,2021-07-01 12:42:31.25+08
181,49,85,"","",28,registered,2021-07-01 12:42:31.25+08,2021-07-01 12:42:31.25+08
182,49,86,"","",29,registered,2021-07-01 12:42:31.25+08,2021-07-01 12:42:31.25+08
183,49,31,"","",30,registered,2021-07-01 12:42:31.25+08,2021-07-01 12:42:31.25+08
184,49,87,"","",31,registered,2021-07-01 12:42:31.25+08,2021-07-01 12:42:31.25+08
185,50,88,"","",,registered,2021-07-01 12:42:31.25+08,2021-07-01 12:42:31.25+08
186,50,52,"","",,registered,2021-07-01 12:42:31.25+08,2021-07-01 12:42:31.25+08
187,51,1,"","",1,registered,2021-07-01 12:42:31.25+08,2021-07-01 12:42:31.25+08
188,51,58,"","",18,registered,2021-07-01 12:42:31.25+08,2021-07-01 12:42:31.25+08
189,51,59,"","",19,registered,2021-07-01 12:42:31.25+08,2021-07-01 12:42:31.25+08
190,51,60,"","",20,registered,2021-07-01 12:42:31.25+08,2021-07-01 12:42:31.25+08
191,51,61,"","",21,registered,2021-07-01 12:42:31.25+08,2021-07-01 12:42:31.25+08
192,52,62,"","",,registered,2021-07-01 12:42:31.25+08,2021-07-01 12:42:31.25+08
193,52,63,"","",,registered,2021-07-01 12:42:31.25+08,2021-07-01 12:42:31.25+08
194,52,25,"","",3,registered,2021-07-01 12:42:31.25+08,2021-07-01 12:42:31.25+08
195,53,4,"","",22,registered,2021-07-01 12:42:31.25+08,2021-07-01 12:42:31.25+08
196,53,64,"","",,registered,2021-07-01 12:42:31.25+08,2021-07-01 12:42:31.25+08
197,53,65,"","",23,registered,2021-07-01 12:42:31.25+08,2021-07-01 12:42:31.25+08
198,54,66,"","",,registered,2021-07-01 12:42:31.25+08,2021-07-01 12:42:31.25+08
199,54,5,"","",,registered,2021-07-01 12:42:31.25+08,2021-07-01 12:42:31.25+08
200,55,34,"","",11,registered,2021-07-01 12:42:31.25+08,2021-07-01 12:42:31.25+08
201,56,67,"","",,registered,2021-07-01 12:42:31.25+08,2021-07-01 12:42:31.25+08
202,56,68,"","",,registered,2021-07-01 12:42:31.25+08,2021-07-01 12:42:31.25+08
203,56,69,"","",,registered,2021-07-01 12:42:31.25+08,2021-07-01 12:42:31.25+08
204,56,70,"","",,registered,2021-07-01 12:42:31.25+08,2021-07-01 12:42:31.25+08
205,56,71,"","",,registered,2021-07-01 12:42:31.25+08,2021-07-01 12:42:31.25+08
206,56,72,"","",,registered,2021-07-01 12:42:31.25+08,2021-07-01 12:42:31.25+08
207,57,73,"","",,registered,2021-07-01 12:42:31.25+08,2021-07-01 12:42:31.25+08
208,57,74,"","",,registered,2021-07-01 12:42:31.25+08,2021-07-01 12:42:31.25+08
209,57,75,"","",,registered,2021-07-01 12:42:31.25+08,2021-07-01 12:42:31.25+08
210,58,26,"","",4,registered,2021-07-01 12:42:31.25+08,2021-07-01 12:42:31.25+08
211,58,24,"","",2,registered,2021-07-01 12:42:31.25+08,2021-07-01 12:42:31.25+08
212,58,27,"","",5,registered,2021-07-01 12:42:31.25+08,2021-07-01 12:42:31.25+08
213,58,28,"","",6,registered,2021-07-01 12:42:31.25+08,2021-07-01 12:42:31.25+08
214,58,29,"","",7,registered,2021-07-01 12:42:31.25+08,2021-07-01 12:42:31.25+08
215,58,32,"","",9,registered,2021-07-01 12:42:31.25+08,2021-07-01 12:42:31.25+08
216,58,30,"","",,registered,2021-07-01 12:42:31.25+08,2021-07-01 12:42:31.25+08
217,59,76,"","",,registered,2021-07-01 12:42:31.25+08,2021-07-01 12:42:31.25+08
218,59,77,"","",24,registered,2021-07-01 12:42:31.25+08,2021-07-01 12:42:31.25+08
219,59,78,"","",24,registered,2021-07-01 12:42:31.25+08,2021-07-01 12:42:31.25+08
220,59,79,"","",,registered,2021-07-01 12:42:31.25+08,2021-07-01 12:42:31.25+08
221,60,80,"","",,registered,2021-07-01 12:42:31.25+08,2021-07-01 12:42:31.25+08
222,60,81,"","",25,registered,2021-07-01 12:42:31.25+08,2021-07-01 12:42:31.25+08
223,61,82,"","",26,registered,2021-07-01 12:42:31.25+08,2021-07-01 12:42:31.25+08
224,62,83,"","",27,registered,2021-07-01 12:42:31.25+08,2021-07-01 12:42:31.25+08
225,62,84,"","",,registered,2021-07-01 12:42:31.25+08,2021-07-01 12:42:31.25+08
226,63,85,"","",28,registered,2021-07-01 12:42:31.25+08,2021-07-01 12:42:31.25+08
227,63,86,"","",29,registered,2021-07-01 12:42:31.25+08,2021-07-01 12:42:31.25+08
228,63,31,"","",30,registered,2021-07-01 12:42:31.25+08,2021-07-01 12:42:31.25+08
229,63,87,"","",31,registered,2021-07-01 12:42:31.25+08,2021-07-01 12:42:31.25+08
230,64,88,"","",,registered,2021-07-01 12:42:31.25+08,2021-07-01 12:42:31.25+08
231,64,52,"","",,registered,2021-07-01 12:42:31.25+08,2021-07-01 12:42:31.25+08
232,65,89,"","",,registered,2021-07-01 12:42:31.25+08,2021-07-01 12:42:31.25+08
233,66,1,"","",1,registered,2021-07-01 12:42:31.25+08,2021-07-01 12:42:31.25+08
234,66,58,"","",18,registered,2021-07-01 12:42:31.25+08,2021-07-01 12:42:31.25+08
235,66,59,"","",19,registered,2021-07-01 12:42:31.25+08,2021-07-01 12:42:31.25+08
236,66,60,"","",20,registered,2021-07-01 12:42:31.25+08,2021-07-01 12:42:31.25+08
237,66,61,"","",21,registered,2021-07-01 12:42:31.25+08,2021-07-01 12:42:31.25+08
238,67,62,"","",,registered,2021-07-01 12:42:31.25+08,2021-07-01 12:42:31.25+08
239,67,63,"","",,registered,2021-07-01 12:42:31.25+08,2021-07-01 12:42:31.25+08
240,67,25,"","",3,registered,2021-07-01 12:42:31.25+08,2021-07-01 12:42:31.25+08
241,68,4,"","",22,registered,2021-07-01 12:42:31.25+08,2021-07-01 12:42:31.25+08
242,68,64,"","",,registered,2021-07-01 12:42:31.25+08,2021-07-01 12:42:31.25+08
243,68,65,"","",23,registered,2021-07-01 12:42:31.25+08,2021-07-01 12:42:31.25+08
244,69,66,"","",,registered,2021-07-01 12:42:31.25+08,2021-07-01 12:42:31.25+08
245,69,5,"","",,registered,2021-07-01 12:42:31.25+08,2021-07-01 12:42:31.25+08
246,70,34,"","",11,registered,2021-07-01 12:42:31.25+08,2021-07-01 12:42:31.25+08
247,71,67,"","",,registered,2021-07-01 12:42:31.25+08,2021-07-01 12:42:31.25+08
248,71,68,"","",,registered,2021-07-01 12:42:31.25+08,2021-07-01 12:42:31.25+08
249,71,69,"","",,registered,2021-07-01 12:42:31.25+08,2021-07-01 12:42:31.25+08
250,71,70,"","",,registered,2021-07-01 12:42:31.25+08,2021-07-01 12:42:31.25+08
251,71,71,"","",,registered,2021-07-01 12:42:31.25+08,2021-07-01 12:42:31.25+08
252,71,72,"","",,registered,2021-07-01 12:42:31.25+08,2021-07-01 12:42:31.25+08
253,72,73,"","",,registered,2021-07-01 12:42:31.25+08,2021-07-01 12:42:31.25+08
254,72,74,"","",,registered,2021-07-01 12:42:31.25+08,2021-07-01 12:42:31.25+08
255,72,75,"","",,registered,2021-07-01 12:42:31.25+08,2021-07-01 12:42:31.25+08
256,73,26,"","",4,registered,2021-07-01 12:42:31.25+08,2021-07-01 12:42:31.25+08
257,73,24,"","",2,registered,2021-07-01 12:42:31.25+08,2021-07-01 12:42:31.25+08
258,73,27,"","",5,registered,2021-07-01 12:42:31.25+08,2021-07-01 12:42:31.25+08
259,73,28,"","",6,registered,2021-07-01 12:42:31.25+08,2021-07-01 12:42:31.25+08
260,73,29,"","",7,registered,2021-07-01 12:42:31.25+08,2021-07-01 12:42:31.25+08
261,73,32,"","",9,registered,2021-07-01 12:42:31.25+08,2021-07-01 12:42:31.25+08
262,73,30,"","",,registered,2021-07-01 12:42:31.25+08,2021-07-01 12:42:31.25+08
263,74,76,"","",,registered,2021-07-01 12:42:31.25+08,2021-07-01 12:42:31.25+08
264,74,77,"","",24,registered,2021-07-01 12:42:31.25+08,2021-07-01 12:42:31.25+08
265,74,78,"","",24,registered,2021-07-01 12:42:31.25+08,2021-07-01 12:42:31.25+08
266,74,79,"","",,registered,2021-07-01 12:42:31.25+08,2021-07-01 12:42:31.25+08
267,75,80,"","",,registered,2021-07-01 12:42:31.25+08,2021-07-01 12:42:31.25+08
268,75,81,"","",25,registered,2021-07-01 12:42:31.25+08,2021-07-01 12:42:31.25+08
269,76,82,"","",26,registered,2021-07-01 12:42:31.25+08,2021-07-01 12:42:31.25+08
270,77,83,"","",27,registered,2021-07-01 12:42:31.25+08,2021-07-01 12:42:31.25+08
271,77,84,"","",,registered,2021-07-01 12:42:31.25+08,2021-07-01 12:42:31.25+08
272,78,85,"","",28,registered,2021-07-01 12:42:31.25+08,2021-07-01 12:42:31.25+08
273,78,86,"","",29,registered,2021-07-01 12:42:31.25+08,2021-07-01 12:42:31.25+08
274,78,31,"","",30,registered,2021-07-01 12:42:31.25+08,2021-07-01 12:42:31.25+08
275,78,87,"","",31,registered,2021-07-01 12:42:31.25+08,2021-07-01 12:42:31.25+08
276,79,88,"","",,registered,2021-07-01 12:42:31.25+08,2021-07-01 12:42:31.25+08
277,79,52,"","",,registered,2021-07-01 12:42:31.25+08,2021-07-01 12:42:31.25+08
278,80,1,"","",1,registered,2021-07-01 12:42:31.25+08,2021-07-01 12:42:31.25+08
279,80,58,"","",18,registered,2021-07-01 12:42:31.25+08,2021-07-01 12:42:31.25+08
280,80,59,"","",19,registered,2021-07-01 12:42:31.25+08,2021-07-01 12:42:31.25+08
281,80,60,"","",20,registered,2021-07-01 12:42:31.25+08,2021-07-01 12:42:31.25+08
282,80,61,"","",21,registered,2021-07-01 12:42:31.25+08,2021-07-01 12:42:31.25+08
283,81,62,"","",,registered,2021-07-01 12:42:31.25+08,2021-07-01 12:42:31.25+08
284,81,63,"","",,registered,2021-07-01 12:42:31.25+08,2021-07-01 12:42:31.25+08
285,81,25,"","",3,registered,2021-07-01 12:42:31.25+08,2021-07-01 12:42:31.25+08
286,82,4,"","",22,registered,2021-07-01 12:42:31.25+08,2021-07-01 12:42:31.25+08
287,82,64,"","",,registered,2021-07-01 12:42:31.25+08,2021-07-01 12:42:31.25+08
288,82,65,"","",23,registered,2021-07-01 12:42:31.25+08,2021-07-01 12:42:31.25+08
289,83,66,"","",,registered,2021-07-01 12:42:31.25+08,2021-07-01 12:42:31.25+08
290,83,5,"","",,registered,2021-07-01 12:42:31.25+08,2021-07-01 12:42:31.25+08
291,84,34,"","",11,registered,2021-07-01 12:42:31.25+08,2021-07-01 12:42:31.25+08
292,85,67,"","",,registered,2021-07-01 12:42:31.25+08,2021-07-01 12:42:31.25+08
293,85,68,"","",,registered,2021-07-01 12:42:31.25+08,2021-07-01 12:42:31.25+08
294,85,69,"","",,registered,2021-07-01 12:42:31.25+08,2021-07-01 12:42:31.25+08
295,85,70,"","",,registered,2021-07-01 12:42:31.25+08,2021-07-01 12:42:31.25+08
296,85,71,"","",,registered,2021-07-01 12:42:31.25+08,2021-07-01 12:42:31.25+08
297,85,72,"","",,registered,2021-07-01 12:42:31.25+08,2021-07-01 12:42:31.25+08
298,86,73,"","",,registered,2021-07-01 12:42:31.25+08,2021-07-01 12:42:31.25+08
299,86,74,"","",,registered,2021-07-01 12:42:31.25+08,2021-07-01 12:42:31.25+08
300,86,75,"","",,registered,2021-07-01 12:42:31.25+08,2021-07-01 12:42:31.25+08
301,87,26,"","",4,registered,2021-07-01 12:42:31.25+08,2021-07-01 12:42:31.25+08
302,87,24,"","",2,registered,2021-07-01 12:42:31.25+08,2021-07-01 12:42:31.25+08
303,87,27,"","",5,registered,2021-07-01 12:42:31.25+08,2021-07-01 12:42:31.25+08
304,87,28,"","",6,registered,2021-07-01 12:42:31.25+08,2021-07-01 12:42:31.25+08
305,87,29,"","",7,registered,2021-07-01 12:42:31.25+08,2021-07-01 12:42:31.25+08
306,87,32,"","",9,registered,2021-07-01 12:42:31.25+08,2021-07-01 12:42:31.25+08
307,87,30,"","",,registered,2021-07-01 12:42:31.25+08,2021-07-01 12:42:31.25+08
308,88,76,"","",,registered,2021-07-01 12:42:31.25+08,2021-07-01 12:42:31.25+08
309,88,77,"","",24,registered,2021-07-01 12:42:31.25+08,2021-07-01 12:42:31.25+08
310,88,78,"","",24,registered,2021-07-01 12:42:31.25+08,2021-07-01 12:42:31.25+08
311,88,79,"","",,registered,2021-07-01 12:42:31.25+08,2021-07-01 12:42:31.25+08
312,89,80,"","",,registered,2021-07-01 12:42:31.25+08,2021-07-01 12:42:31.25+08
313,89,81,"","",25,registered,2021-07-01 12:42:31.25+08,2021-07-01 12:42:31.25+08
314,90,82,"","",26,registered,2021-07-01 12:42:31.25+08,2021-07-01 12:42:31.25+08
315,91,83,"","",27,registered,2021-07-01 12:42:31.25+08,2021-07-01 12:42:31.25+08
316,91,84,"","",,registered,2021-07-01 12:42:31.25+08,2021-07-01 12:42:31.25+08
317,92,88,"","",,registered,2021-07-01 12:42:31.25+08,2021-07-01 12:42:31.25+08
318,92,52,"","",,registered,2021-07-01 12:42:31.25+08,2021-07-01 12:42:31.25+08
319,93,47,"","",17,registered,2021-07-01 12:42:31.25+08,2021-07-01 12:42:31.25+08
320,94,49,"","",,registered,2021-07-01 12:42:31.25+08,2021-07-01 12:42:31.25+08
321,94,50,"","",,registered,2021-07-01 12:42:31.25+08,2021-07-01 12:42:31.25+08
322,94,51,"","",,registered,2021-07-01 12:42:31.25+08,2021-07-01 12:42:31.25+08
323,95,52,"","",,registered,2021-07-01 12:42:31.25+08,2021-07-01 12:42:31.25+08
324,95,53,"","",,registered,2021-07-01 12:42:31.25+08,2021-07-01 12:42:31.25+08
325,95,54,"","",,registered,2021-07-01 12:42:31.25+08,2021-07-01 12:42:31.25+08
326,95,55,"","",,registered,2021-07-01 12:42:31.25+08,2021-07-01 12:42:31.25+08
327,96,56,"","",,registered,2021-07-01 12:42:31.25+08,2021-07-01 12:42:31.25+08
328,96,57,"","",,registered,2021-07-01 12:42:31.25+08,2021-07-01 12:42:31.25+08
329,97,90,"","",,registered,2021-07-01 12:42:31.25+08,2021-07-01 12:42:31.25+08
330,98,91,"","",,registered,2021-07-01 12:42:31.25+08,2021-07-01 12:42:31.25+08
331,98,92,"","",,registered,2021-07-01 12:42:31.25+08,2021-07-01 12:42:31.25+08
332,98,93,"","",,registered,2021-07-01 12:42:31.25+08,2021-07-01 12:42:31.25+08
333,98,94,"","",,registered,2021-07-01 12:42:31.25+08,2021-07-01 12:42:31.25+08
334,98,95,"","",,registered,2021-07-01 12:42:31.25+08,2021-07-01 12:42:31.25+08
335,98,96,"","",,registered,2021-07-01 12:42:31.25+08,2021-07-01 12:42:31.25+08
336,98,97,"","",,registered,2021-07-01 12:42:31.25+08,2021-07-01 12:42:31.25+08
337,98,98,"","",,registered,2021-07-01 12:42:31.25+08,2021-07-01 12:42:31.25+08
338,98,99,"","",,registered,2021-07-01 12:42:31.25+08,2021-07-01 12:42:31.25+08
339,98,100,"","",,registered,2021-07-01 12:42:31.25+08,2021-07-01 12:42:31.25+08
340,98,101,"","",,registered,2021-07-01 12:42:31.25+08,2021-07-01 12:42:31.25+08
341,98,102,"","",,registered,2021-07-01 12:42:31.25+08,2021-07-01 12:42:31.25+08
342,98,103,"","",,registered,2021-07-01 12:42:31.25+08,2021-07-01 12:42:31.25+08
343,98,104,"","",,registered,2021-07-01 12:42:31.25+08,2021-07-01 12:42:31.25+08
344,98,105,"","",,registered,2021-07-01 12:42:31.25+08,2021-07-01 12:42:31.25+08
345,98,106,"","",,registered,2021-07-01 12:42:31.25+08,2021-07-01 12:42:31.25+08
346,98,107,"","",,registered,2021-07-01 12:42:31.25+08,2021-07-01 12:42:31.25+08
347,98,108,"","",,registered,2021-07-01 12:42:31.25+08,2021-07-01 12:42:31.25+08
348,98,109,"","",,registered,2021-07-01 12:42:31.25+08,2021-07-01 12:42:31.25+08
349,98,110,"","",,registered,2021-07-01 12:42:31.25+08,2021-07-01 12:42:31.25+08
350,98,111,"","",,registered,2021-07-01 12:42:31.25+08,2021-07-01 12:42:31.25+08
351,98,112,"","",,registered,2021-07-01 12:42:31.25+08,2021-07-01 12:42:31.25+08
352,98,113,"","",,registered,2021-07-01 12:42:31.25+08,2021-07-01 12:42:31.25+08
353,98,114,"","",,registered,2021-07-01 12:42:31.25+08,2021-07-01 12:42:31.25+08
354,98,115,"","",,registered,2021-07-01 12:42:31.25+08,2021-07-01 12:42:31.25+08
355,98,116,"","",,registered,2021-07-01 12:42:31.25+08,2021-07-01 12:42:31.25+08
356,98,117,"","",,registered,2021-07-01 12:42:31.25+08,2021-07-01 12:42:31.25+08
357,98,118,"","",,registered,2021-07-01 12:42:31.25+08,2021-07-01 12:42:31.25+08
358,98,119,"","",,registered,2021-07-01 12:42:31.25+08,2021-07-01 12:42:31.25+08
359,99,120,"","",,registered,2021-07-01 12:42:31.25+08,2021-07-01 12:42:31.25+08
360,99,121,"","",,registered,2021-07-01 12:42:31.25+08,2021-07-01 12:42:31.25+08
361,99,122,"","",,registered,2021-07-01 12:42:31.25+08,2021-07-01 12:42:31.25+08
362,99,58,"","",18,registered,2021-07-01 12:42:31.25+08,2021-07-01 12:42:31.25+08
363,100,4,"","",22,registered,2021-07-01 12:42:31.25+08,2021-07-01 12:42:31.25+08
364,100,123,"","",,registered,2021-07-01 12:42:31.25+08,2021-07-01 12:42:31.25+08
365,100,124,"","",32,registered,2021-07-01 12:42:31.25+08,2021-07-01 12:42:31.25+08
366,100,64,"","",,registered,2021-07-01 12:42:31.25+08,2021-07-01 12:42:31.25+08
367,101,125,"","",,registered,2021-07-01 12:42:31.25+08,2021-07-01 12:42:31.25+08
368,101,126,"","",,registered,2021-07-01 12:42:31.25+08,2021-07-01 12:42:31.25+08
369,102,127,"","",,registered,2021-07-01 12:42:31.25+08,2021-07-01 12:42:31.25+08
370,102,128,"","",,registered,2021-07-01 12:42:31.25+08,2021-07-01 12:42:31.25+08
371,102,129,"","",,registered,2021-07-01 12:42:31.25+08,2021-07-01 12:42:31.25+08
372,102,130,"","",,registered,2021-07-01 12:42:31.25+08,2021-07-01 12:42:31.25+08
373,102,131,"","",,registered,2021-07-01 12:42:31.25+08,2021-07-01 12:42:31.25+08
374,102,132,"","",,registered,2021-07-01 12:42:31.25+08,2021-07-01 12:42:31.25+08
375,103,24,"","",2,registered,2021-07-01 12:42:31.25+08,2021-07-01 12:42:31.25+08
376,103,32,"","",9,registered,2021-07-01 12:42:31.25+08,2021-07-01 12:42:31.25+08
377,103,29,"","",7,registered,2021-07-01 12:42:31.25+08,2021-07-01 12:42:31.25+08
378,103,28,"","",6,registered,2021-07-01 12:42:31.25+08,2021-07-01 12:42:31.25+08
379,103,30,"","",,registered,2021-07-01 12:42:31.25+08,2021-07-01 12:42:31.25+08
380,103,26,"","",33,registered,2021-07-01 12:42:31.25+08,2021-07-01 12:42:31.25+08
381,103,27,"","",34,registered,2021-07-01 12:42:31.25+08,2021-07-01 12:42:31.25+08
382,104,81,"","",25,registered,2021-07-01 12:42:31.25+08,2021-07-01 12:42:31.25+08
383,104,25,"","",,registered,2021-07-01 12:42:31.25+08,2021-07-01 12:42:31.25+08
384,105,83,"","",27,registered,2021-07-01 12:42:31.25+08,2021-07-01 12:42:31.25+08
385,106,133,"","",35,registered,2021-07-01 12:42:31.25+08,2021-07-01 12:42:31.25+08
386,106,134,"","",,registered,2021-07-01 12:42:31.25+08,2021-07-01 12:42:31.25+08
387,107,135,"","",36,registered,2021-07-01 12:42:31.25+08,2021-07-01 12:42:31.25+08
388,108,14,"","",,registered,2021-07-01 12:42:31.25+08,2021-07-01 12:42:31.25+08
389,109,136,"","",,registered,2021-07-01 12:42:31.25+08,2021-07-01 12:42:31.25+08
390,109,137,"","",,registered,2021-07-01 12:42:31.25+08,2021-07-01 12:42:31.25+08
391,109,138,"","",,registered,2021-07-01 12:42:31.25+08,2021-07-01 12:42:31.25+08
392,109,139,"","",,registered,2021-07-01 12:42:31.25+08,2021-07-01 12:42:31.25+08
393,110,120,"","",,registered,2021-07-01 12:42:31.25+08,2021-07-01 12:42:31.25+08
394,110,121,"","",,registered,2021-07-01 12:42:31.25+08,2021-07-01 12:42:31.25+08
395,110,122,"","",,registered,2021-07-01 12:42:31.25+08,2021-07-01 12:42:31.25+08
396,110,58,"","",18,registered,2021-07-01 12:42:31.25+08,2021-07-01 12:42:31.25+08
397,111,4,"","",22,registered,2021-07-01 12:42:31.25+08,2021-07-01 12:42:31.25+08
398,111,123,"","",,registered,2021-07-01 12:42:31.25+08,2021-07-01 12:42:31.25+08
399,111,124,"","",32,registered,2021-07-01 12:42:31.25+08,2021-07-01 12:42:31.25+08
400,111,64,"","",,registered,2021-07-01 12:42:31.25+08,2021-07-01 12:42:31.25+08
401,112,125,"","",,registered,2021-07-01 12:42:31.25+08,2021-07-01 12:42:31.25+08
402,112,126,"","",,registered,2021-07-01 12:42:31.25+08,2021-07-01 12:42:31.25+08
403,113,127,"","",,registered,2021-07-01 12:42:31.25+08,2021-07-01 12:42:31.25+08
404,113,128,"","",,registered,2021-07-01 12:42:31.25+08,2021-07-01 12:42:31.25+08
405,113,129,"","",,registered,2021-07-01 12:42:31.25+08,2021-07-01 12:42:31.25+08
406,113,130,"","",,registered,2021-07-01 12:42:31.25+08,2021-07-01 12:42:31.25+08
407,113,131,"","",,registered,2021-07-01 12:42:31.25+08,2021-07-01 12:42:31.25+08
408,113,132,"","",,registered,2021-07-01 12:42:31.25+08,2021-07-01 12:42:31.25+08
409,114,28,"","",6,registered,2021-07-01 12:42:31.25+08,2021-07-01 12:42:31.25+08
410,114,24,"","",2,registered,2021-07-01 12:42:31.25+08,2021-07-01 12:42:31.25+08
411,114,32,"","",9,registered,2021-07-01 12:42:31.25+08,2021-07-01 12:42:31.25+08
412,114,29,"","",7,registered,2021-07-01 12:42:31.25+08,2021-07-01 12:42:31.25+08
413,114,30,"","",,registered,2021-07-01 12:42:31.25+08,2021-07-01 12:42:31.25+08
414,114,26,"","",33,registered,2021-07-01 12:42:31.25+08,2021-07-01 12:42:31.25+08
415,114,27,"","",34,registered,2021-07-01 12:42:31.25+08,2021-07-01 12:42:31.25+08
416,115,81,"","",25,registered,2021-07-01 12:42:31.25+08,2021-07-01 12:42:31.25+08
417,115,25,"","",,registered,2021-07-01 12:42:31.25+08,2021-07-01 12:42:31.25+08
418,116,83,"","",27,registered,2021-07-01 12:42:31.25+08,2021-07-01 12:42:31.25+08
419,117,133,"","",35,registered,2021-07-01 12:42:31.25+08,2021-07-01 12:42:31.25+08
420,117,134,"","",,registered,2021-07-01 12:42:31.25+08,2021-07-01 12:42:31.25+08
421,118,135,"","",36,registered,2021-07-01 12:42:31.25+08,2021-07-01 12:42:31.25+08
422,119,14,"","",,registered,2021-07-01 12:42:31.25+08,2021-07-01 12:42:31.25+08
423,120,136,"","",,registered,2021-07-01 12:42:31.25+08,2021-07-01 12:42:31.25+08
424,120,137,"","",,registered,2021-07-01 12:42:31.25+08,2021-07-01 12:42:31.25+08
425,120,138,"","",,registered,2021-07-01 12:42:31.25+08,2021-07-01 12:42:31.25+08
426,120,139,"","",,registered,2021-07-01 12:42:31.25+08,2021-07-01 12:42:31.25+08
427,121,120,"","",,registered,2021-07-01 12:42:31.25+08,2021-07-01 12:42:31.25+08
428,121,121,"","",,registered,2021-07-01 12:42:31.25+08,2021-07-01 12:42:31.25+08
429,121,122,"","",,registered,2021-07-01 12:42:31.25+08,2021-07-01 12:42:31.25+08
430,121,58,"","",18,registered,2021-07-01 12:42:31.25+08,2021-07-01 12:42:31.25+08
431,122,4,"","",22,registered,2021-07-01 12:42:31.25+08,2021-07-01 12:42:31.25+08
432,122,123,"","",,registered,2021-07-01 12:42:31.25+08,2021-07-01 12:42:31.25+08
433,122,124,"","",32,registered,2021-07-01 12:42:31.25+08,2021-07-01 12:42:31.25+08
434,122,64,"","",,registered,2021-07-01 12:42:31.25+08,2021-07-01 12:42:31.25+08
435,123,125,"","",,registered,2021-07-01 12:42:31.25+08,2021-07-01 12:42:31.25+08
436,123,126,"","",,registered,2021-07-01 12:42:31.25+08,2021-07-01 12:42:31.25+08
437,124,127,"","",,registered,2021-07-01 12:42:31.25+08,2021-07-01 12:42:31.25+08
438,124,128,"","",,registered,2021-07-01 12:42:31.25+08,2021-07-01 12:42:31.25+08
439,124,129,"","",,registered,2021-07-01 12:42:31.25+08,2021-07-01 12:42:31.25+08
440,124,130,"","",,registered,2021-07-01 12:42:31.25+08,2021-07-01 12:42:31.25+08
441,124,131,"","",,registered,2021-07-01 12:42:31.25+08,2021-07-01 12:42:31.25+08
442,124,132,"","",,registered,2021-07-01 12:42:31.25+08,2021-07-01 12:42:31.25+08
443,125,28,"","",6,registered,2021-07-01 12:42:31.25+08,2021-07-01 12:42:31.25+08
444,125,24,"","",2,registered,2021-07-01 12:42:31.25+08,2021-07-01 12:42:31.25+08
445,125,32,"","",9,registered,2021-07-01 12:42:31.25+08,2021-07-01 12:42:31.25+08
446,125,29,"","",7,registered,2021-07-01 12:42:31.25+08,2021-07-01 12:42:31.25+08
447,125,30,"","",,registered,2021-07-01 12:42:31.25+08,2021-07-01 12:42:31.25+08
448,125,26,"","",33,registered,2021-07-01 12:42:31.25+08,2021-07-01 12:42:31.25+08
449,125,27,"","",34,registered,2021-07-01 12:42:31.25+08,2021-07-01 12:42:31.25+08
450,126,81,"","",25,registered,2021-07-01 12:42:31.25+08,2021-07-01 12:42:31.25+08
451,126,25,"","",,registered,2021-07-01 12:42:31.25+08,2021-07-01 12:42:31.25+08
452,127,83,"","",27,registered,2021-07-01 12:42:31.25+08,2021-07-01 12:42:31.25+08
453,128,133,"","",35,registered,2021-07-01 12:42:31.25+08,2021-07-01 12:42:31.25+08
454,128,134,"","",,registered,2021-07-01 12:42:31.25+08,2021-07-01 12:42:31.25+08
455,129,135,"","",36,registered,2021-07-01 12:42:31.25+08,2021-07-01 12:42:31.25+08
456,130,14,"","",,registered,2021-07-01 12:42:31.25+08,2021-07-01 12:42:31.25+08
457,131,136,"","",,registered,2021-07-01 12:42:31.25+08,2021-07-01 12:42:31.25+08
458,131,137,"","",,registered,2021-07-01 12:42:31.25+08,2021-07-01 12:42:31.25+08
459,131,138,"","",,registered,2021-07-01 12:42:31.25+08,2021-07-01 12:42:31.25+08
460,131,139,"","",,registered,2021-07-01 12:42:31.25+08,2021-07-01 12:42:31.25+08
461,132,120,"","",,registered,2021-07-01 12:42:31.25+08,2021-07-01 12:42:31.25+08
462,132,121,"","",,registered,2021-07-01 12:42:31.25+08,2021-07-01 12:42:31.25+08
463,132,122,"","",,registered,2021-07-01 12:42:31.25+08,2021-07-01 12:42:31.25+08
464,132,58,"","",18,registered,2021-07-01 12:42:31.25+08,2021-07-01 12:42:31.25+08
465,133,4,"","",22,registered,2021-07-01 12:42:31.25+08,2021-07-01 12:42:31.25+08
466,133,123,"","",,registered,2021-07-01 12:42:31.25+08,2021-07-01 12:42:31.25+08
467,133,124,"","",32,registered,2021-07-01 12:42:31.25+08,2021-07-01 12:42:31.25+08
468,133,64,"","",,registered,2021-07-01 12:42:31.25+08,2021-07-01 12:42:31.25+08
469,134,125,"","",,registered,2021-07-01 12:42:31.25+08,2021-07-01 12:42:31.25+08
470,134,126,"","",,registered,2021-07-01 12:42:31.25+08,2021-07-01 12:42:31.25+08
471,135,127,"","",,registered,2021-07-01 12:42:31.25+08,2021-07-01 12:42:31.25+08
472,135,128,"","",,registered,2021-07-01 12:42:31.25+08,2021-07-01 12:42:31.25+08
473,135,129,"","",,registered,2021-07-01 12:42:31.25+08,2021-07-01 12:42:31.25+08
474,135,130,"","",,registered,2021-07-01 12:42:31.25+08,2021-07-01 12:42:31.25+08
475,135,131,"","",,registered,2021-07-01 12:42:31.25+08,2021-07-01 12:42:31.25+08
476,135,132,"","",,registered,2021-07-01 12:42:31.25+08,2021-07-01 12:42:31.25+08
477,136,28,"","",6,registered,2021-07-01 12:42:31.25+08,2021-07-01 12:42:31.25+08
478,136,24,"","",2,registered,2021-07-01 12:42:31.25+08,2021-07-01 12:42:31.25+08
479,136,32,"","",9,registered,2021-07-01 12:42:31.25+08,2021-07-01 12:42:31.25+08
480,136,29,"","",7,registered,2021-07-01 12:42:31.25+08,2021-07-01 12:42:31.25+08
481,136,30,"","",,registered,2021-07-01 12:42:31.25+08,2021-07-01 12:42:31.25+08
482,136,26,"","",33,registered,2021-07-01 12:42:31.25+08,2021-07-01 12:42:31.25+08
483,136,27,"","",34,registered,2021-07-01 12:42:31.25+08,2021-07-01 12:42:31.25+08
484,137,140,"","",,registered,2021-07-01 12:42:31.25+08,2021-07-01 12:42:31.25+08
485,137,141,"","",,registered,2021-07-01 12:42:31.25+08,2021-07-01 12:42:31.25+08
486,138,81,"","",25,registered,2021-07-01 12:42:31.25+08,2021-07-01 12:42:31.25+08
487,138,25,"","",,registered,2021-07-01 12:42:31.25+08,2021-07-01 12:42:31.25+08
488,139,83,"","",27,registered,2021-07-01 12:42:31.25+08,2021-07-01 12:42:31.25+08
489,140,133,"","",35,registered,2021-07-01 12:42:31.25+08,2021-07-01 12:42:31.25+08
490,140,134,"","",,registered,2021-07-01 12:42:31.25+08,2021-07-01 12:42:31.25+08
491,141,14,"","",,registered,2021-07-01 12:42:31.25+08,2021-07-01 12:42:31.25+08
492,142,136,"","",,registered,2021-07-01 12:42:31.25+08,2021-07-01 12:42:31.25+08
493,142,137,"","",,registered,2021-07-01 12:42:31.25+08,2021-07-01 12:42:31.25+08
494,142,138,"","",,registered,2021-07-01 12:42:31.25+08,2021-07-01 12:42:31.25+08
495,142,139,"","",,registered,2021-07-01 12:42:31.25+08,2021-07-01 12:42:31.25+08
496,143,47,"","",17,registered,2021-07-01 12:42:31.25+08,2021-07-01 12:42:31.25+08
497,144,50,"","",,registered,2021-07-01 12:42:31.25+08,2021-07-01 12:42:31.25+08
498,144,49,"","",,registered,2021-07-01 12:42:31.25+08,2021-07-01 12:42:31.25+08
499,144,51,"","",,registered,2021-07-01 12:42:31.25+08,2021-07-01 12:42:31.25+08
500,145,52,"","",,registered,2021-07-01 12:42:31.25+08,2021-07-01 12:42:31.25+08
501,145,53,"","",,registered,2021-07-01 12:42:31.25+08,2021-07-01 12:42:31.25+08
502,145,54,"","",,registered,2021-07-01 12:42:31.25+08,2021-07-01 12:42:31.25+08
503,145,55,"","",,registered,2021-07-01 12:42:31.25+08,2021-07-01 12:42:31.25+08
504,146,56,"","",,registered,2021-07-01 12:42:31.25+08,2021-07-01 12:42:31.25+08
505,146,57,"","",,registered,2021-07-01 12:42:31.25+08,2021-07-01 12:42:31.25+08
506,147,142,"","",,registered,2021-07-01 12:42:31.25+08,2021-07-01 12:42:31.25+08
507,148,120,"","",37,registered,2021-07-01 12:42:31.25+08,2021-07-01 12:42:31.25+08
508,148,121,"","",,registered,2021-07-01 12:42:31.25+08,2021-07-01 12:42:31.25+08
509,148,143,"","",,registered,2021-07-01 12:42:31.25+08,2021-07-01 12:42:31.25+08
510,148,144,"","",,registered,2021-07-01 12:42:31.25+08,2021-07-01 12:42:31.25+08
511,148,87,"","",,registered,2021-07-01 12:42:31.25+08,2021-07-01 12:42:31.25+08
512,149,15,"","",,registered,2021-07-01 12:42:31.25+08,2021-07-01 12:42:31.25+08
513,150,145,"","",,registered,2021-07-01 12:42:31.25+08,2021-07-01 12:42:31.25+08
514,150,146,"","",,registered,2021-07-01 12:42:31.25+08,2021-07-01 12:42:31.25+08
515,150,147,"","",,registered,2021-07-01 12:42:31.25+08,2021-07-01 12:42:31.25+08
516,150,148,"","",,registered,2021-07-01 12:42:31.25+08,2021-07-01 12:42:31.25+08
517,150,149,"","",,registered,2021-07-01 12:42:31.25+08,2021-07-01 12:42:31.25+08
518,150,150,"","",,registered,2021-07-01 12:42:31.25+08,2021-07-01 12:42:31.25+08
519,150,151,"","",,registered,2021-07-01 12:42:31.25+08,2021-07-01 12:42:31.25+08
520,151,32,"","",9,registered,2021-07-01 12:42:31.25+08,2021-07-01 12:42:31.25+08
521,151,24,"","",2,registered,2021-07-01 12:42:31.25+08,2021-07-01 12:42:31.25+08
522,152,152,"","",,registered,2021-07-01 12:42:31.25+08,2021-07-01 12:42:31.25+08
523,152,59,"","",,registered,2021-07-01 12:42:31.25+08,2021-07-01 12:42:31.25+08
524,153,153,"","",,registered,2021-07-01 12:42:31.25+08,2021-07-01 12:42:31.25+08
525,153,154,"","",38,registered,2021-07-01 12:42:31.25+08,2021-07-01 12:42:31.25+08
526,153,155,"","",39,registered,2021-07-01 12:42:31.25+08,2021-07-01 12:42:31.25+08
527,154,156,"","",40,registered,2021-07-01 12:42:31.25+08,2021-07-01 12:42:31.25+08
528,154,157,"","",41,registered,2021-07-01 12:42:31.25+08,2021-07-01 12:42:31.25+08
529,154,158,"","",42,registered,2021-07-01 12:42:31.25+08,2021-07-01 12:42:31.25+08
530,155,159,"","",43,registered,2021-07-01 12:42:31.25+08,2021-07-01 12:42:31.25+08
531,156,160,"","",44,registered,2021-07-01 12:42:31.25+08,2021-07-01 12:42:31.25+08
532,156,161,"","",45,registered,2021-07-01 12:42:31.25+08,2021-07-01 12:42:31.25+08
533,156,162,"","",46,registered,2021-07-01 12:42:31.25+08,2021-07-01 12:42:31.25+08
534,157,71,"","",,registered,2021-07-01 12:42:31.25+08,2021-07-01 12:42:31.25+08
535,157,79,"","",,registered,2021-07-01 12:42:31.25+08,2021-07-01 12:42:31.25+08
536,158,81,"","",47,registered,2021-07-01 12:42:31.25+08,2021-07-01 12:42:31.25+08
537,158,25,"","",3,registered,2021-07-01 12:42:31.25+08,2021-07-01 12:42:31.25+08
538,159,163,"","",48,registered,2021-07-01 12:42:31.25+08,2021-07-01 12:42:31.25+08
539,160,41,"","",49,registered,2021-07-01 12:42:31.25+08,2021-07-01 12:42:31.25+08
540,160,164,"","",50,registered,2021-07-01 12:42:31.25+08,2021-07-01 12:42:31.25+08
541,160,40,"","",15,registered,2021-07-01 12:42:31.25+08,2021-07-01 12:42:31.25+08
542,161,156,"","",40,registered,2021-07-01 12:42:31.25+08,2021-07-01 12:42:31.25+08
543,162,165,"","",51,registered,2021-07-01 12:42:31.25+08,2021-07-01 12:42:31.25+08
544,163,161,"","",45,registered,2021-07-01 12:42:31.25+08,2021-07-01 12:42:31.25+08
545,163,160,"","",44,registered,2021-07-01 12:42:31.25+08,2021-07-01 12:42:31.25+08
546,164,166,"","",,registered,2021-07-01 12:42:31.25+08,2021-07-01 12:42:31.25+08
547,164,167,"","",,registered,2021-07-01 12:42:31.25+08,2021-07-01 12:42:31.25+08
548,164,14,"","",,registered,2021-07-01 12:42:31.25+08,2021-07-01 12:42:31.25+08
549,165,168,"","",,registered,2021-07-01 12:42:31.25+08,2021-07-01 12:42:31.25+08
550,165,169,"","",,registered,2021-07-01 12:42:31.25+08,2021-07-01 12:42:31.25+08
551,165,170,"","",,registered,2021-07-01 12:42:31.25+08,2021-07-01 12:42:31.25+08
552,165,171,"","",,registered,2021-07-01 12:42:31.25+08,2021-07-01 12:42:31.25+08
553,166,120,"","",52,registered,2021-07-01 12:42:31.25+08,2021-07-01 12:42:31.25+08
554,166,121,"","",,registered,2021-07-01 12:42:31.25+08,2021-07-01 12:42:31.25+08
555,166,143,"","",,registered,2021-07-01 12:42:31.25+08,2021-07-01 12:42:31.25+08
556,166,144,"","",,registered,2021-07-01 12:42:31.25+08,2021-07-01 12:42:31.25+08
557,166,87,"","",,registered,2021-07-01 12:42:31.25+08,2021-07-01 12:42:31.25+08
558,167,15,"","",,registered,2021-07-01 12:42:31.25+08,2021-07-01 12:42:31.25+08
559,168,145,"","",,registered,2021-07-01 12:42:31.25+08,2021-07-01 12:42:31.25+08
560,168,146,"","",,registered,2021-07-01 12:42:31.25+08,2021-07-01 12:42:31.25+08
561,168,147,"","",,registered,2021-07-01 12:42:31.25+08,2021-07-01 12:42:31.25+08
562,168,148,"","",,registered,2021-07-01 12:42:31.25+08,2021-07-01 12:42:31.25+08
563,168,149,"","",,registered,2021-07-01 12:42:31.25+08,2021-07-01 12:42:31.25+08
564,168,150,"","",,registered,2021-07-01 12:42:31.25+08,2021-07-01 12:42:31.25+08
565,168,151,"","",,registered,2021-07-01 12:42:31.25+08,2021-07-01 12:42:31.25+08
566,169,32,"","",9,registered,2021-07-01 12:42:31.25+08,2021-07-01 12:42:31.25+08
567,169,24,"","",2,registered,2021-07-01 12:42:31.25+08,2021-07-01 12:42:31.25+08
568,170,152,"","",,registered,2021-07-01 12:42:31.25+08,2021-07-01 12:42:31.25+08
569,170,59,"","",,registered,2021-07-01 12:42:31.25+08,2021-07-01 12:42:31.25+08
570,171,40,"","",15,registered,2021-07-01 12:42:31.25+08,2021-07-01 12:42:31.25+08
571,172,154,"","",38,registered,2021-07-01 12:42:31.25+08,2021-07-01 12:42:31.25+08
572,172,155,"","",39,registered,2021-07-01 12:42:31.25+08,2021-07-01 12:42:31.25+08
573,173,172,"","",53,registered,2021-07-01 12:42:31.25+08,2021-07-01 12:42:31.25+08
574,173,158,"","",42,registered,2021-07-01 12:42:31.25+08,2021-07-01 12:42:31.25+08
575,173,173,"","",54,registered,2021-07-01 12:42:31.25+08,2021-07-01 12:42:31.25+08
576,174,161,"","",45,registered,2021-07-01 12:42:31.25+08,2021-07-01 12:42:31.25+08
577,174,162,"","",46,registered,2021-07-01 12:42:31.25+08,2021-07-01 12:42:31.25+08
578,174,174,"","",55,registered,2021-07-01 12:42:31.25+08,2021-07-01 12:42:31.25+08
579,175,71,"","",,registered,2021-07-01 12:42:31.25+08,2021-07-01 12:42:31.25+08
580,175,79,"","",,registered,2021-07-01 12:42:31.25+08,2021-07-01 12:42:31.25+08
581,176,81,"","",47,registered,2021-07-01 12:42:31.25+08,2021-07-01 12:42:31.25+08
582,176,25,"","",3,registered,2021-07-01 12:42:31.25+08,2021-07-01 12:42:31.25+08
583,177,163,"","",48,registered,2021-07-01 12:42:31.25+08,2021-07-01 12:42:31.25+08
584,178,156,"","",40,registered,2021-07-01 12:42:31.25+08,2021-07-01 12:42:31.25+08
585,179,161,"","",45,registered,2021-07-01 12:42:31.25+08,2021-07-01 12:42:31.25+08
586,179,160,"","",44,registered,2021-07-01 12:42:31.25+08,2021-07-01 12:42:31.25+08
587,180,166,"","",,registered,2021-07-01 12:42:31.25+08,2021-07-01 12:42:31.25+08
588,180,167,"","",,registered,2021-07-01 12:42:31.25+08,2021-07-01 12:42:31.25+08
589,180,14,"","",,registered,2021-07-01 12:42:31.25+08,2021-07-01 12:42:31.25+08
590,181,168,"","",,registered,2021-07-01 12:42:31.25+08,2021-07-01 12:42:31.25+08
591,181,169,"","",,registered,2021-07-01 12:42:31.25+08,2021-07-01 12:42:31.25+08
592,181,170,"","",,registered,2021-07-01 12:42:31.25+08,2021-07-01 12:42:31.25+08
593,181,171,"","",,registered,2021-07-01 12:42:31.25+08,2021-07-01 12:42:31.25+08
594,182,120,"","",52,registered,2021-07-01 12:42:31.25+08,2021-07-01 12:42:31.25+08
595,182,121,"","",,registered,2021-07-01 12:42:31.25+08,2021-07-01 12:42:31.25+08
596,182,143,"","",,registered,2021-07-01 12:42:31.25+08,2021-07-01 12:42:31.25+08
597,182,144,"","",,registered,2021-07-01 12:42:31.25+08,2021-07-01 12:42:31.25+08
598,182,87,"","",,registered,2021-07-01 12:42:31.25+08,2021-07-01 12:42:31.25+08
599,183,15,"","",,registered,2021-07-01 12:42:31.25+08,2021-07-01 12:42:31.25+08
600,184,145,"","",,registered,2021-07-01 12:42:31.25+08,2021-07-01 12:42:31.25+08
601,184,146,"","",,registered,2021-07-01 12:42:31.25+08,2021-07-01 12:42:31.25+08
602,184,147,"","",,registered,2021-07-01 12:42:31.25+08,2021-07-01 12:42:31.25+08
603,184,148,"","",,registered,2021-07-01 12:42:31.25+08,2021-07-01 12:42:31.25+08
604,184,149,"","",,registered,2021-07-01 12:42:31.25+08,2021-07-01 12:42:31.25+08
605,184,150,"","",,registered,2021-07-01 12:42:31.25+08,2021-07-01 12:42:31.25+08
606,184,151,"","",,registered,2021-07-01 12:42:31.25+08,2021-07-01 12:42:31.25+08
607,185,32,"","",9,registered,2021-07-01 12:42:31.25+08,2021-07-01 12:42:31.25+08
608,185,24,"","",2,registered,2021-07-01 12:42:31.25+08,2021-07-01 12:42:31.25+08
609,186,152,"","",,registered,2021-07-01 12:42:31.25+08,2021-07-01 12:42:31.25+08
610,186,59,"","",,registered,2021-07-01 12:42:31.25+08,2021-07-01 12:42:31.25+08
611,187,163,"","",48,registered,2021-07-01 12:42:31.25+08,2021-07-01 12:42:31.25+08
612,188,175,"","",56,registered,2021-07-01 12:42:31.25+08,2021-07-01 12:42:31.25+08
613,188,176,"","",57,registered,2021-07-01 12:42:31.25+08,2021-07-01 12:42:31.25+08
614,188,177,"","",58,registered,2021-07-01 12:42:31.25+08,2021-07-01 12:42:31.25+08
615,189,178,"","",59,registered,2021-07-01 12:42:31.25+08,2021-07-01 12:42:31.25+08
616,189,179,"","",60,registered,2021-07-01 12:42:31.25+08,2021-07-01 12:42:31.25+08
617,189,180,"","",60,registered,2021-07-01 12:42:31.25+08,2021-07-01 12:42:31.25+08
618,190,181,"","",61,registered,2021-07-01 12:42:31.25+08,2021-07-01 12:42:31.25+08
619,190,156,"","",40,registered,2021-07-01 12:42:31.25+08,2021-07-01 12:42:31.25+08
620,190,157,"","",41,registered,2021-07-01 12:42:31.25+08,2021-07-01 12:42:31.25+08
621,191,159,"","",62,registered,2021-07-01 12:42:31.25+08,2021-07-01 12:42:31.25+08
622,192,162,"","",46,registered,2021-07-01 12:42:31.25+08,2021-07-01 12:42:31.25+08
623,193,71,"","",,registered,2021-07-01 12:42:31.25+08,2021-07-01 12:42:31.25+08
624,193,79,"","",,registered,2021-07-01 12:42:31.25+08,2021-07-01 12:42:31.25+08
625,194,81,"","",47,registered,2021-07-01 12:42:31.25+08,2021-07-01 12:42:31.25+08
626,194,25,"","",3,registered,2021-07-01 12:42:31.25+08,2021-07-01 12:42:31.25+08
627,195,163,"","",48,registered,2021-07-01 12:42:31.25+08,2021-07-01 12:42:31.25+08
628,196,182,"","",63,registered,2021-07-01 12:42:31.25+08,2021-07-01 12:42:31.25+08
629,196,135,"","",36,registered,2021-07-01 12:42:31.25+08,2021-07-01 12:42:31.25+08
630,197,133,"","",64,registered,2021-07-01 12:42:31.25+08,2021-07-01 12:42:31.25+08
631,197,156,"","",40,registered,2021-07-01 12:42:31.25+08,2021-07-01 12:42:31.25+08
632,198,161,"","",45,registered,2021-07-01 12:42:31.25+08,2021-07-01 12:42:31.25+08
633,198,183,"","",65,registered,2021-07-01 12:42:31.25+08,2021-07-01 12:42:31.25+08
634,199,166,"","",,registered,2021-07-01 12:42:31.25+08,2021-07-01 12:42:31.25+08
635,199,167,"","",,registered,2021-07-01 12:42:31.25+08,2021-07-01 12:42:31.25+08
636,199,14,"","",,registered,2021-07-01 12:42:31.25+08,2021-07-01 12:42:31.25+08
637,200,168,"","",,registered,2021-07-01 12:42:31.25+08,2021-07-01 12:42:31.25+08
638,200,169,"","",,registered,2021-07-01 12:42:31.25+08,2021-07-01 12:42:31.25+08
639,200,170,"","",,registered,2021-07-01 12:42:31.25+08,2021-07-01 12:42:31.25+08
640,200,171,"","",,registered,2021-07-01 12:42:31.25+08,2021-07-01 12:42:31.25+08
641,201,120,"","",52,registered,2021-07-01 12:42:31.25+08,2021-07-01 12:42:31.25+08
642,201,121,"","",,registered,2021-07-01 12:42:31.25+08,2021-07-01 12:42:31.25+08
643,201,143,"","",,registered,2021-07-01 12:42:31.25+08,2021-07-01 12:42:31.25+08
644,201,144,"","",,registered,2021-07-01 12:42:31.25+08,2021-07-01 12:42:31.25+08
645,201,87,"","",,registered,2021-07-01 12:42:31.25+08,2021-07-01 12:42:31.25+08
646,202,15,"","",,registered,2021-07-01 12:42:31.25+08,2021-07-01 12:42:31.25+08
647,203,145,"","",,registered,2021-07-01 12:42:31.25+08,2021-07-01 12:42:31.25+08
648,203,146,"","",,registered,2021-07-01 12:42:31.25+08,2021-07-01 12:42:31.25+08
649,203,147,"","",,registered,2021-07-01 12:42:31.25+08,2021-07-01 12:42:31.25+08
650,203,148,"","",,registered,2021-07-01 12:42:31.25+08,2021-07-01 12:42:31.25+08
651,203,149,"","",,registered,2021-07-01 12:42:31.25+08,2021-07-01 12:42:31.25+08
652,203,150,"","",,registered,2021-07-01 12:42:31.25+08,2021-07-01 12:42:31.25+08
653,203,151,"","",,registered,2021-07-01 12:42:31.25+08,2021-07-01 12:42:31.25+08
654,204,32,"","",9,registered,2021-07-01 12:42:31.25+08,2021-07-01 12:42:31.25+08
655,204,24,"","",2,registered,2021-07-01 12:42:31.25+08,2021-07-01 12:42:31.25+08
656,205,152,"","",,registered,2021-07-01 12:42:31.25+08,2021-07-01 12:42:31.25+08
657,205,59,"","",,registered,2021-07-01 12:42:31.25+08,2021-07-01 12:42:31.25+08
658,206,40,"","",15,registered,2021-07-01 12:42:31.25+08,2021-07-01 12:42:31.25+08
659,207,154,"","",38,registered,2021-07-01 12:42:31.25+08,2021-07-01 12:42:31.25+08
660,207,155,"","",39,registered,2021-07-01 12:42:31.25+08,2021-07-01 12:42:31.25+08
661,208,181,"","",61,registered,2021-07-01 12:42:31.25+08,2021-07-01 12:42:31.25+08
662,208,156,"","",40,registered,2021-07-01 12:42:31.25+08,2021-07-01 12:42:31.25+08
663,208,158,"","",42,registered,2021-07-01 12:42:31.25+08,2021-07-01 12:42:31.25+08
664,209,161,"","",45,registered,2021-07-01 12:42:31.25+08,2021-07-01 12:42:31.25+08
665,210,71,"","",,registered,2021-07-01 12:42:31.25+08,2021-07-01 12:42:31.25+08
666,210,79,"","",,registered,2021-07-01 12:42:31.25+08,2021-07-01 12:42:31.25+08
667,211,81,"","",47,registered,2021-07-01 12:42:31.25+08,2021-07-01 12:42:31.25+08
668,211,25,"","",3,registered,2021-07-01 12:42:31.25+08,2021-07-01 12:42:31.25+08
669,212,41,"","",49,registered,2021-07-01 12:42:31.25+08,2021-07-01 12:42:31.25+08
670,212,182,"","",63,registered,2021-07-01 12:42:31.25+08,2021-07-01 12:42:31.25+08
671,212,135,"","",36,registered,2021-07-01 12:42:31.25+08,2021-07-01 12:42:31.25+08
672,213,175,"","",56,registered,2021-07-01 12:42:31.25+08,2021-07-01 12:42:31.25+08
673,213,176,"","",57,registered,2021-07-01 12:42:31.25+08,2021-07-01 12:42:31.25+08
674,213,177,"","",58,registered,2021-07-01 12:42:31.25+08,2021-07-01 12:42:31.25+08
675,214,133,"","",64,registered,2021-07-01 12:42:31.25+08,2021-07-01 12:42:31.25+08
676,214,156,"","",40,registered,2021-07-01 12:42:31.25+08,2021-07-01 12:42:31.25+08
677,215,159,"","",62,registered,2021-07-01 12:42:31.25+08,2021-07-01 12:42:31.25+08
678,215,165,"","",51,registered,2021-07-01 12:42:31.25+08,2021-07-01 12:42:31.25+08
679,216,161,"","",45,registered,2021-07-01 12:42:31.25+08,2021-07-01 12:42:31.25+08
680,216,160,"","",44,registered,2021-07-01 12:42:31.25+08,2021-07-01 12:42:31.25+08
681,217,166,"","",,registered,2021-07-01 12:42:31.25+08,2021-07-01 12:42:31.25+08
682,217,167,"","",,registered,2021-07-01 12:42:31.25+08,2021-07-01 12:42:31.25+08
683,217,14,"","",,registered,2021-07-01 12:42:31.25+08,2021-07-01 12:42:31.25+08
684,218,168,"","",,registered,2021-07-01 12:42:31.25+08,2021-07-01 12:42:31.25+08
685,218,169,"","",,registered,2021-07-01 12:42:31.25+08,2021-07-01 12:42:31.25+08
686,218,170,"","",,registered,2021-07-01 12:42:31.25+08,2021-07-01 12:42:31.25+08
687,218,171,"","",,registered,2021-07-01 12:42:31.25+08,2021-07-01 12:42:31.25+08
688,219,47,"","",17,registered,2021-07-01 12:42:31.25+08,2021-07-01 12:42:31.25+08
689,220,164,"","",50,registered,2021-07-01 12:42:31.25+08,2021-07-01 12:42:31.25+08
690,220,184,"","",66,registered,2021-07-01 12:42:31.25+08,2021-07-01 12:42:31.25+08
691,221,176,"","",57,registered,2021-07-01 12:42:31.25+08,2021-07-01 12:42:31.25+08
692,221,154,"","",38,registered,2021-07-01 12:42:31.25+08,2021-07-01 12:42:31.25+08
693,221,155,"","",39,registered,2021-07-01 12:42:31.25+08,2021-07-01 12:42:31.25+08
694,222,133,"","",64,registered,2021-07-01 12:42:31.25+08,2021-07-01 12:42:31.25+08
695,223,159,"","",62,registered,2021-07-01 12:42:31.25+08,2021-07-01 12:42:31.25+08
696,224,162,"","",46,registered,2021-07-01 12:42:31.25+08,2021-07-01 12:42:31.25+08
697,224,183,"","",65,registered,2021-07-01 12:42:31.25+08,2021-07-01 12:42:31.25+08
698,225,50,"","",,registered,2021-07-01 12:42:31.25+08,2021-07-01 12:42:31.25+08
699,225,49,"","",,registered,2021-07-01 12:42:31.25+08,2021-07-01 12:42:31.25+08
700,225,51,"","",,registered,2021-07-01 12:42:31.25+08,2021-07-01 12:42:31.25+08
701,226,53,"","",,registered,2021-07-01 12:42:31.25+08,2021-07-01 12:42:31.25+08
702,226,54,"","",,registered,2021-07-01 12:42:31.25+08,2021-07-01 12:42:31.25+08
703,226,55,"","",,registered,2021-07-01 12:42:31.25+08,2021-07-01 12:42:31.25+08
704,227,182,"","",63,registered,2021-07-01 12:42:31.25+08,2021-07-01 12:42:31.25+08
705,228,175,"","",56,registered,2021-07-01 12:42:31.25+08,2021-07-01 12:42:31.25+08
706,228,177,"","",58,registered,2021-07-01 12:42:31.25+08,2021-07-01 12:42:31.25+08
707,229,179,"","",60,registered,2021-07-01 12:42:31.25+08,2021-07-01 12:42:31.25+08
708,229,180,"","",60,registered,2021-07-01 12:42:31.25+08,2021-07-01 12:42:31.25+08
709,229,156,"","",40,registered,2021-07-01 12:42:31.25+08,2021-07-01 12:42:31.25+08
710,230,161,"","",45,registered,2021-07-01 12:42:31.25+08,2021-07-01 12:42:31.25+08
711,230,174,"","",55,registered,2021-07-01 12:42:31.25+08,2021-07-01 12:42:31.25+08
712,230,185,"","",67,registered,2021-07-01 12:42:31.25+08,2021-07-01 12:42:31.25+08
713,231,56,"","",,registered,2021-07-01 12:42:31.25+08,2021-07-01 12:42:31.25+08
714,231,57,"","",,registered,2021-07-01 12:42:31.25+08,2021-07-01 12:42:31.25+08
715,231,52,"","",,registered,2021-07-01 12:42:31.25+08,2021-07-01 12:42:31.25+08
716,232,164,"","",,registered,2021-07-01 12:42:31.25+08,2021-07-01 12:42:31.25+08
717,233,186,"","",,registered,2021-07-01 12:42:31.25+08,2021-07-01 12:42:31.25+08
718,233,173,"","",,registered,2021-07-01 12:42:31.25+08,2021-07-01 12:42:31.25+08
719,234,161,"","",,registered,2021-07-01 12:42:31.25+08,2021-07-01 12:42:31.25+08
720,235,86,"","",29,registered,2021-07-01 12:42:31.25+08,2021-07-01 12:42:31.25+08
721,235,187,"","",68,registered,2021-07-01 12:42:31.25+08,2021-07-01 12:42:31.25+08
722,235,122,"","",69,registered,2021-07-01 12:42:31.25+08,2021-07-01 12:42:31.25+08
723,235,188,"","",70,registered,2021-07-01 12:42:31.25+08,2021-07-01 12:42:31.25+08
724,235,189,"","",71,registered,2021-07-01 12:42:31.25+08,2021-07-01 12:42:31.25+08
725,235,31,"","",8,registered,2021-07-01 12:42:31.25+08,2021-07-01 12:42:31.25+08
726,235,190,"","",72,registered,2021-07-01 12:42:31.25+08,2021-07-01 12:42:31.25+08
727,235,191,"","",73,registered,2021-07-01 12:42:31.25+08,2021-07-01 12:42:31.25+08
728,235,192,"","",74,registered,2021-07-01 12:42:31.25+08,2021-07-01 12:42:31.25+08
729,235,59,"","",75,registered,2021-07-01 12:42:31.25+08,2021-07-01 12:42:31.25+08
730,235,193,"","",76,registered,2021-07-01 12:42:31.25+08,2021-07-01 12:42:31.25+08
731,236,109,"","",77,registered,2021-07-01 12:42:31.25+08,2021-07-01 12:42:31.25+08
732,236,24,"","",78,registered,2021-07-01 12:42:31.25+08,2021-07-01 12:42:31.25+08
733,236,194,"","",79,registered,2021-07-01 12:42:31.25+08,2021-07-01 12:42:31.25+08
734,236,195,"","",80,registered,2021-07-01 12:42:31.25+08,2021-07-01 12:42:31.25+08
735,236,196,"","",81,registered,2021-07-01 12:42:31.25+08,2021-07-01 12:42:31.25+08
736,236,197,"","",82,registered,2021-07-01 12:42:31.25+08,2021-07-01 12:42:31.25+08
737,236,198,"","",,registered,2021-07-01 12:42:31.25+08,2021-07-01 12:42:31.25+08
738,237,199,"","",83,registered,2021-07-01 12:42:31.25+08,2021-07-01 12:42:31.25+08
739,237,200,"","",84,registered,2021-07-01 12:42:31.25+08,2021-07-01 12:42:31.25+08
740,237,201,"","",85,registered,2021-07-01 12:42:31.25+08,2021-07-01 12:42:31.25+08
741,237,60,"","",20,registered,2021-07-01 12:42:31.25+08,2021-07-01 12:42:31.25+08
742,237,202,"","",86,registered,2021-07-01 12:42:31.25+08,2021-07-01 12:42:31.25+08
743,237,58,"","",,registered,2021-07-01 12:42:31.25+08,2021-07-01 12:42:31.25+08
744,237,203,"","",87,registered,2021-07-01 12:42:31.25+08,2021-07-01 12:42:31.25+08
745,237,204,"","",88,registered,2021-07-01 12:42:31.25+08,2021-07-01 12:42:31.25+08
746,237,205,"","",89,registered,2021-07-01 12:42:31.25+08,2021-07-01 12:42:31.25+08
747,238,206,"","",,registered,2021-07-01 12:42:31.25+08,2021-07-01 12:42:31.25+08
748,238,207,"","",,registered,2021-07-01 12:42:31.25+08,2021-07-01 12:42:31.25+08
749,239,208,"","",90,registered,2021-07-01 12:42:31.25+08,2021-07-01 12:42:31.25+08
750,240,183,"","",65,registered,2021-07-01 12:42:31.25+08,2021-07-01 12:42:31.25+08
751,241,206,"","",,registered,2021-07-01 12:42:31.25+08,2021-07-01 12:42:31.25+08
752,241,207,"","",,registered,2021-07-01 12:42:31.25+08,2021-07-01 12:42:31.25+08
753,242,208,"","",90,registered,2021-07-01 12:42:31.25+08,2021-07-01 12:42:31.25+08
754,243,178,"","",59,registered,2021-07-01 12:42:31.25+08,2021-07-01 12:42:31.25+08
755,243,179,"","",60,registered,2021-07-01 12:42:31.25+08,2021-07-01 12:42:31.25+08
756,243,180,"","",60,registered,2021-07-01 12:42:31.25+08,2021-07-01 12:42:31.25+08
757,244,160,"","",44,registered,2021-07-01 12:42:31.25+08,2021-07-01 12:42:31.25+08
758,245,206,"","",,registered,2021-07-01 12:42:31.25+08,2021-07-01 12:42:31.25+08
759,245,207,"","",,registered,2021-07-01 12:42:31.25+08,2021-07-01 12:42:31.25+08
760,246,41,"","",49,registered,2021-07-01 12:42:31.25+08,2021-07-01 12:42:31.25+08
761,247,208,"","",90,registered,2021-07-01 12:42:31.25+08,2021-07-01 12:42:31.25+08
762,248,178,"","",59,registered,2021-07-01 12:42:31.25+08,2021-07-01 12:42:31.25+08
763,248,179,"","",60,registered,2021-07-01 12:42:31.25+08,2021-07-01 12:42:31.25+08
764,248,180,"","",60,registered,2021-07-01 12:42:31.25+08,2021-07-01 12:42:31.25+08
765,249,206,"","",,registered,2021-07-01 12:42:31.25+08,2021-07-01 12:42:31.25+08
766,249,207,"","",,registered,2021-07-01 12:42:31.25+08,2021-07-01 12:42:31.25+08
767,250,41,"","",49,registered,2021-07-01 12:42:31.25+08,2021-07-01 12:42:31.25+08
768,251,176,"","",57,registered,2021-07-01 12:42:31.25+08,2021-07-01 12:42:31.25+08
769,252,133,"","",64,registered,2021-07-01 12:42:31.25+08,2021-07-01 12:42:31.25+08
770,252,178,"","",59,registered,2021-07-01 12:42:31.25+08,2021-07-01 12:42:31.25+08
771,253,183,"","",65,registered,2021-07-01 12:42:31.25+08,2021-07-01 12:42:31.25+08
772,253,174,"","",55,registered,2021-07-01 12:42:31.25+08,2021-07-01 12:42:31.25+08
773,253,185,"","",67,registered,2021-07-01 12:42:31.25+08,2021-07-01 12:42:31.25+08
774,254,206,"","",,registered,2021-07-01 12:42:31.25+08,2021-07-01 12:42:31.25+08
775,254,207,"","",,registered,2021-07-01 12:42:31.25+08,2021-07-01 12:42:31.25+08
776,255,183,"","",,registered,2021-07-01 12:42:31.25+08,2021-07-01 12:42:31.25+08
777,256,209,"","",,registered,2021-07-01 12:42:31.25+08,2021-07-01 12:42:31.25+08
778,257,210,"","",,registered,2021-07-01 12:42:31.25+08,2021-07-01 12:42:31.25+08
779,258,209,"","",,registered,2021-07-01 12:42:31.25+08,2021-07-01 12:42:31.25+08
780,259,210,"","",,registered,2021-07-01 12:42:31.25+08,2021-07-01 12:42:31.25+08
781,260,41,"","",49,registered,2021-07-01 12:42:31.25+08,2021-07-01 12:42:31.25+08
782,261,208,"","",90,registered,2021-07-01 12:42:31.25+08,2021-07-01 12:42:31.25+08
783,262,158,"","",42,registered,2021-07-01 12:42:31.25+08,2021-07-01 12:42:31.25+08
784,263,186,"","",91,registered,2021-07-01 12:42:31.25+08,2021-07-01 12:42:31.25+08
785,263,173,"","",54,registered,2021-07-01 12:42:31.25+08,2021-07-01 12:42:31.25+08
786,263,211,"","",92,registered,2021-07-01 12:42:31.25+08,2021-07-01 12:42:31.25+08
787,264,209,"","",,registered,2021-07-01 12:42:31.25+08,2021-07-01 12:42:31.25+08
788,265,210,"","",,registered,2021-07-01 12:42:31.25+08,2021-07-01 12:42:31.25+08
789,266,209,"","",,registered,2021-07-01 12:42:31.25+08,2021-07-01 12:42:31.25+08
790,267,210,"","",,registered,2021-07-01 12:42:31.25+08,2021-07-01 12:42:31.25+08
791,268,209,"","",,registered,2021-07-01 12:42:31.25+08,2021-07-01 12:42:31.25+08
792,269,210,"","",,registered,2021-07-01 12:42:31.25+08,2021-07-01 12:42:31.25+08
793,270,174,"","",,registered,2021-07-01 12:42:31.25+08,2021-07-01 12:42:31.25+08
794,270,185,"","",,registered,2021-07-01 12:42:31.25+08,2021-07-01 12:42:31.25+08
795,271,212,"","",,registered,2021-07-01 12:42:31.25+08,2021-07-01 12:42:31.25+08
796,272,174,"","",55,registered,2021-07-01 12:42:31.25+08,2021-07-01 12:42:31.25+08
797,272,185,"","",67,registered,2021-07-01 12:42:31.251+08,2021-07-01 12:42:31.251+08
798,273,213,"","",93,registered,2021-07-01 12:42:31.251+08,2021-07-01 12:42:31.251+08
799,274,157,"","",41,registered,2021-07-01 12:42:31.251+08,2021-07-01 12:42:31.251+08
800,274,214,"","",41,registered,2021-07-01 12:42:31.251+08,2021-07-01 12:42:31.251+08
801,274,158,"","",42,registered,2021-07-01 12:42:31.251+08,2021-07-01 12:42:31.251+08
802,275,213,"","",,registered,2021-07-01 12:42:31.251+08,2021-07-01 12:42:31.251+08
803,276,186,"","",91,registered,2021-07-01 12:42:31.251+08,2021-07-01 12:42:31.251+08
804,277,215,"","",,registered,2021-07-01 12:42:31.251+08,2021-07-01 12:42:31.251+08
805,277,216,"","",,registered,2021-07-01 12:42:31.251+08,2021-07-01 12:42:31.251+08
806,277,217,"","",,registered,2021-07-01 12:42:31.251+08,2021-07-01 12:42:31.251+08
807,278,176,"","",57,registered,2021-07-01 12:42:31.251+08,2021-07-01 12:42:31.251+08
808,279,215,"","",,registered,2021-07-01 12:42:31.251+08,2021-07-01 12:42:31.251+08
809,279,216,"","",,registered,2021-07-01 12:42:31.251+08,2021-07-01 12:42:31.251+08
810,279,217,"","",,registered,2021-07-01 12:42:31.251+08,2021-07-01 12:42:31.251+08
811,280,41,"","",49,registered,2021-07-01 12:42:31.251+08,2021-07-01 12:42:31.251+08
812,281,162,"","",94,registered,2021-07-01 12:42:31.251+08,2021-07-01 12:42:31.251+08
813,282,215,"","",,registered,2021-07-01 12:42:31.251+08,2021-07-01 12:42:31.251+08
814,282,216,"","",,registered,2021-07-01 12:42:31.251+08,2021-07-01 12:42:31.251+08
815,282,217,"","",,registered,2021-07-01 12:42:31.251+08,2021-07-01 12:42:31.251+08
816,283,215,"","",,registered,2021-07-01 12:42:31.251+08,2021-07-01 12:42:31.251+08
817,283,216,"","",,registered,2021-07-01 12:42:31.251+08,2021-07-01 12:42:31.251+08
818,283,217,"","",,registered,2021-07-01 12:42:31.251+08,2021-07-01 12:42:31.251+08
819,284,174,"","",55,registered,2021-07-01 12:42:31.251+08,2021-07-01 12:42:31.251+08
820,284,185,"","",67,registered,2021-07-01 12:42:31.251+08,2021-07-01 12:42:31.251+08
821,285,162,"","",94,registered,2021-07-01 12:42:31.251+08,2021-07-01 12:42:31.251+08
822,286,215,"","",,registered,2021-07-01 12:42:31.251+08,2021-07-01 12:42:31.251+08
823,286,216,"","",,registered,2021-07-01 12:42:31.251+08,2021-07-01 12:42:31.251+08
824,286,217,"","",,registered,2021-07-01 12:42:31.251+08,2021-07-01 12:42:31.251+08
825,287,212,"","",,registered,2021-07-01 12:42:31.251+08,2021-07-01 12:42:31.251+08
826,288,218,"","",95,registered,2021-07-01 12:42:31.251+08,2021-07-01 12:42:31.251+08
827,289,135,"","",36,registered,2021-07-01 12:42:31.251+08,2021-07-01 12:42:31.251+08
828,289,174,"","",55,registered,2021-07-01 12:42:31.251+08,2021-07-01 12:42:31.251+08
829,289,185,"","",67,registered,2021-07-01 12:42:31.251+08,2021-07-01 12:42:31.251+08
830,290,157,"","",41,registered,2021-07-01 12:42:31.251+08,2021-07-01 12:42:31.251+08
831,290,214,"","",41,registered,2021-07-01 12:42:31.251+08,2021-07-01 12:42:31.251+08
832,291,219,"","",96,registered,2021-07-01 12:42:31.251+08,2021-07-01 12:42:31.251+08
833,292,158,"","",42,registered,2021-07-01 12:42:31.251+08,2021-07-01 12:42:31.251+08
834,293,186,"","",,registered,2021-07-01 12:42:31.251+08,2021-07-01 12:42:31.251+08
835,293,219,"","",96,registered,2021-07-01 12:42:31.251+08,2021-07-01 12:42:31.251+08
836,294,220,"","",,registered,2021-07-01 12:42:31.251+08,2021-07-01 12:42:31.251+08
837,295,221,"","",,registered,2021-07-01 12:42:31.251+08,2021-07-01 12:42:31.251+08
838,296,218,"","",95,registered,2021-07-01 12:42:31.251+08,2021-07-01 12:42:31.251+08
839,297,219,"","",96,registered,2021-07-01 12:42:31.251+08,2021-07-01 12:42:31.251+08
840,298,220,"","",,registered,2021-07-01 12:42:31.251+08,2021-07-01 12:42:31.251+08
841,299,221,"","",,registered,2021-07-01 12:42:31.251+08,2021-07-01 12:42:31.251+08
842,300,41,"","",49,registered,2021-07-01 12:42:31.251+08,2021-07-01 12:42:31.251+08
843,301,222,"","",97,registered,2021-07-01 12:42:31.251+08,2021-07-01 12:42:31.251+08
844,302,220,"","",,registered,2021-07-01 12:42:31.251+08,2021-07-01 12:42:31.251+08
845,303,221,"","",,registered,2021-07-01 12:42:31.251+08,2021-07-01 12:42:31.251+08
846,304,220,"","",,registered,2021-07-01 12:42:31.251+08,2021-07-01 12:42:31.251+08
847,305,221,"","",,registered,2021-07-01 12:42:31.251+08,2021-07-01 12:42:31.251+08
848,306,174,"","",55,registered,2021-07-01 12:42:31.251+08,2021-07-01 12:42:31.251+08
849,306,185,"","",67,registered,2021-07-01 12:42:31.251+08,2021-07-01 12:42:31.251+08
850,307,176,"","",57,registered,2021-07-01 12:42:31.251+08,2021-07-01 12:42:31.251+08
851,308,162,"","",94,registered,2021-07-01 12:42:31.251+08,2021-07-01 12:42:31.251+08
852,308,222,"","",97,registered,2021-07-01 12:42:31.251+08,2021-07-01 12:42:31.251+08
853,309,220,"","",,registered,2021-07-01 12:42:31.251+08,2021-07-01 12:42:31.251+08
854,310,221,"","",,registered,2021-07-01 12:42:31.251+08,2021-07-01 12:42:31.251+08
855,311,212,"","",,registered,2021-07-01 12:42:31.251+08,2021-07-01 12:42:31.251+08
856,312,157,"","",41,registered,2021-07-01 12:42:31.251+08,2021-07-01 12:42:31.251+08
857,312,214,"","",41,registered,2021-07-01 12:42:31.251+08,2021-07-01 12:42:31.251+08
858,313,158,"","",42,registered,2021-07-01 12:42:31.251+08,2021-07-01 12:42:31.251+08
859,314,162,"","",94,registered,2021-07-01 12:42:31.251+08,2021-07-01 12:42:31.251+08
860,314,186,"","",91,registered,2021-07-01 12:42:31.251+08,2021-07-01 12:42:31.251+08
861,314,219,"","",96,registered,2021-07-01 12:42:31.251+08,2021-07-01 12:42:31.251+08
862,315,223,"","",,registered,2021-07-01 12:42:31.251+08,2021-07-01 12:42:31.251+08
863,316,223,"","",,registered,2021-07-01 12:42:31.251+08,2021-07-01 12:42:31.251+08
864,317,223,"","",,registered,2021-07-01 12:42:31.251+08,2021-07-01 12:42:31.251+08
865,318,223,"","",,registered,2021-07-01 12:42:31.251+08,2021-07-01 12:42:31.251+08
866,319,176,"","",57,registered,2021-07-01 12:42:31.251+08,2021-07-01 12:42:31.251+08
867,320,223,"","",,registered,2021-07-01 12:42:31.251+08,2021-07-01 12:42:31.251+08
868,321,176,"","",,registered,2021-07-01 12:42:31.251+08,2021-07-01 12:42:31.251+08
869,322,162,"","",,registered,2021-07-01 12:42:31.251+08,2021-07-01 12:42:31.251+08
870,323,212,"","",,registered,2021-07-01 12:42:31.251+08,2021-07-01 12:42:31.251+08
871,324,218,"","",95,registered,2021-07-01 12:42:31.251+08,2021-07-01 12:42:31.251+08
872,325,135,"","",36,registered,2021-07-01 12:42:31.251+08,2021-07-01 12:42:31.251+08
873,326,157,"","",41,registered,2021-07-01 12:42:31.251+08,2021-07-01 12:42:31.251+08
874,326,214,"","",41,registered,2021-07-01 12:42:31.251+08,2021-07-01 12:42:31.251+08
875,326,158,"","",42,registered,2021-07-01 12:42:31.251+08,2021-07-01 12:42:31.251+08
876,327,186,"","",91,registered,2021-07-01 12:42:31.251+08,2021-07-01 12:42:31.251+08
877,328,218,"","",95,registered,2021-07-01 12:42:31.251+08,2021-07-01 12:42:31.251+08
878,329,218,"","",,registered,2021-07-01 12:42:31.251+08,2021-07-01 12:42:31.251+08
879,330,186,"","",91,registered,2021-07-01 12:42:31.251+08,2021-07-01 12:42:31.251+08
880,331,224,"","",,registered,2021-07-01 12:42:31.251+08,2021-07-01 12:42:31.251+08
881,332,162,"","",94,registered,2021-07-01 12:42:31.251+08,2021-07-01 12:42:31.251+08
882,333,225,"","",98,registered,2021-07-01 12:42:31.251+08,2021-07-01 12:42:31.251+08
883,334,74,"","",,registered,2021-07-01 12:42:31.251+08,2021-07-01 12:42:31.251+08
884,335,224,"","",,registered,2021-07-01 12:42:31.251+08,2021-07-01 12:42:31.251+08
885,336,162,"","",94,registered,2021-07-01 12:42:31.251+08,2021-07-01 12:42:31.251+08
886,337,225,"","",98,registered,2021-07-01 12:42:31.251+08,2021-07-01 12:42:31.251+08
887,338,74,"","",,registered,2021-07-01 12:42:31.251+08,2021-07-01 12:42:31.251+08
888,339,224,"","",,registered,2021-07-01 12:42:31.251+08,2021-07-01 12:42:31.251+08
889,340,162,"","",94,registered,2021-07-01 12:42:31.251+08,2021-07-01 12:42:31.251+08
890,341,225,"","",98,registered,2021-07-01 12:42:31.251+08,2021-07-01 12:42:31.251+08
891,342,74,"","",,registered,2021-07-01 12:42:31.251+08,2021-07-01 12:42:31.251+08
892,343,224,"","",,registered,2021-07-01 12:42:31.251+08,2021-07-01 12:42:31.251+08
893,344,162,"","",94,registered,2021-07-01 12:42:31.251+08,2021-07-01 12:42:31.251+08
894,345,225,"","",98,registered,2021-07-01 12:42:31.251+08,2021-07-01 12:42:31.251+08
895,346,74,"","",,registered,2021-07-01 12:42:31.251+08,2021-07-01 12:42:31.251+08
