id,address,postal_code,user_id,created_at,updated_at
5,9216 Harris Views,64436,5,2021-07-01 12:42:31.197+08,2021-09-30 03:00:22.279+08
6,12998 Rice Center,97496-1348,6,2021-07-01 12:42:31.197+08,2021-09-30 03:00:22.279+08
7,812 Labadie Stravenue,21004,7,2021-07-01 12:42:31.197+08,2021-09-30 03:00:22.279+08
8,3384 Reuben Highway,49859-7760,8,2021-07-01 12:42:31.197+08,2021-09-30 03:00:22.279+08
9,20619 Medhurst Inlet,36211-5368,9,2021-07-01 12:42:31.197+08,2021-09-30 03:00:22.279+08
10,907 Estefania Stream,41626-9463,10,2021-07-01 12:42:31.197+08,2021-09-30 03:00:22.279+08
11,05433 Mraz Lodge,02823,11,2021-07-01 12:42:31.197+08,2021-09-30 03:00:22.279+08
12,05632 Kennedi Manors,16536,12,2021-07-01 12:42:31.197+08,2021-09-30 03:00:22.28+08
13,3708 Powlowski Mills,95086-3889,13,2021-07-01 12:42:31.197+08,2021-09-30 03:00:22.28+08
14,07441 Shields Meadow,39750-3502,14,2021-07-01 12:42:31.197+08,2021-09-30 03:00:22.28+08
15,928 Hauck Neck,77130,15,2021-07-01 12:42:31.197+08,2021-09-30 03:00:22.28+08
16,0362 Amari Crest,52210,16,2021-07-01 12:42:31.197+08,2021-09-30 03:00:22.28+08
17,9529 Ellie Harbor,28839-5632,17,2021-07-01 12:42:31.197+08,2021-09-30 03:00:22.28+08
18,6801 Cormier Islands,07979-6891,18,2021-07-01 12:42:31.197+08,2021-09-30 03:00:22.28+08
19,8355 McLaughlin Field,30520,19,2021-07-01 12:42:31.197+08,2021-09-30 03:00:22.28+08
20,16731 Friedrich Rapid,89062,20,2021-07-01 12:42:31.197+08,2021-09-30 03:00:22.28+08
21,9375 Nolan Manors,84158,21,2021-07-01 12:42:31.197+08,2021-09-30 03:00:22.28+08
22,7765 Malinda Centers,62787-6807,22,2021-07-01 12:42:31.197+08,2021-09-30 03:00:22.28+08
23,4640 Labadie Orchard,52987,23,2021-07-01 12:42:31.197+08,2021-09-30 03:00:22.28+08
24,544 Ortiz Lodge,22858,24,2021-07-01 12:42:31.197+08,2021-09-30 03:00:22.281+08
25,3157 Afton Trace,62080-0760,25,2021-07-01 12:42:31.197+08,2021-09-30 03:00:22.281+08
26,5576 Rosella Road,93621-5347,26,2021-07-01 12:42:31.197+08,2021-09-30 03:00:22.281+08
28,0110 Casper Crescent,15683,28,2021-07-01 12:42:31.197+08,2021-09-30 03:00:22.281+08
29,040 Greenholt Ridge,48691,29,2021-07-01 12:42:31.197+08,2021-09-30 03:00:22.281+08
30,57780 Jettie Overpass,06551,30,2021-07-01 12:42:31.197+08,2021-09-30 03:00:22.281+08
31,46713 Gretchen Summit,66528,31,2021-07-01 12:42:31.197+08,2021-09-30 03:00:22.281+08
32,9074 Isai Village,61054-1921,32,2021-07-01 12:42:31.197+08,2021-09-30 03:00:22.281+08
33,759 Kaylee Union,88393-7318,33,2021-07-01 12:42:31.197+08,2021-09-30 03:00:22.281+08
34,89066 Althea Trail,37630-9750,34,2021-07-01 12:42:31.197+08,2021-09-30 03:00:22.281+08
35,1003 Myles Falls,83228-7094,35,2021-07-01 12:42:31.197+08,2021-09-30 03:00:22.281+08
36,0207 Mueller Road,36510,36,2021-07-01 12:42:31.197+08,2021-09-30 03:00:22.282+08
37,4906 Waelchi Ports,03968,37,2021-07-01 12:42:31.197+08,2021-09-30 03:00:22.282+08
38,896 D'Amore Lodge,87769,38,2021-07-01 12:42:31.197+08,2021-09-30 03:00:22.282+08
39,9499 Hudson Flat,04424-5621,39,2021-07-01 12:42:31.197+08,2021-09-30 03:00:22.282+08
40,11170 Wiegand Port,46855,40,2021-07-01 12:42:31.197+08,2021-09-30 03:00:22.282+08
41,988 Crona Keys,78754,41,2021-07-01 12:42:31.197+08,2021-09-30 03:00:22.282+08
42,2031 Gerhold Village,86901,42,2021-07-01 12:42:31.197+08,2021-09-30 03:00:22.282+08
44,4312 Mathilde Alley,67083-3862,44,2021-07-01 12:42:31.197+08,2021-09-30 03:00:22.282+08
45,65762 Velva Ranch,01283-5594,45,2021-07-01 12:42:31.197+08,2021-09-30 03:00:22.282+08
46,563 Yost Key,25819,46,2021-07-01 12:42:31.197+08,2021-09-30 03:00:22.282+08
47,9372 Cruickshank Shore,41167,47,2021-07-01 12:42:31.197+08,2021-09-30 03:00:22.282+08
48,432 Casimer Wall,62297,48,2021-07-01 12:42:31.197+08,2021-09-30 03:00:22.282+08
49,653 Krajcik Mountain,72933,49,2021-07-01 12:42:31.197+08,2021-09-30 03:00:22.282+08
50,641 Carroll Mountains,42698,50,2021-07-01 12:42:31.197+08,2021-09-30 03:00:22.283+08
51,00830 Bradtke Green,56690,51,2021-07-01 12:42:31.197+08,2021-09-30 03:00:22.283+08
52,311 Krystal Locks,95137-4686,52,2021-07-01 12:42:31.197+08,2021-09-30 03:00:22.283+08
53,766 Makenna Circles,19164,53,2021-07-01 12:42:31.197+08,2021-09-30 03:00:22.283+08
54,9546 Purdy Trail,61254-4211,54,2021-07-01 12:42:31.197+08,2021-09-30 03:00:22.283+08
55,525 Grady Run,92227-8338,55,2021-07-01 12:42:31.197+08,2021-09-30 03:00:22.283+08
56,555 Reynolds Dale,36309-2824,56,2021-07-01 12:42:31.197+08,2021-09-30 03:00:22.283+08
57,234 Gleason Square,08228-4697,57,2021-07-01 12:42:31.197+08,2021-09-30 03:00:22.283+08
58,18925 Felicia River,81608,58,2021-07-01 12:42:31.197+08,2021-09-30 03:00:22.283+08
59,4143 Jast Vista,65330,59,2021-07-01 12:42:31.197+08,2021-09-30 03:00:22.283+08
60,53278 Eleonore Junctions,29660-3018,60,2021-07-01 12:42:31.197+08,2021-09-30 03:00:22.283+08
61,095 Brando Garden,39668,61,2021-07-01 12:42:31.197+08,2021-09-30 03:00:22.283+08
62,507 Natalie Knolls,23072-1419,62,2021-07-01 12:42:31.197+08,2021-09-30 03:00:22.283+08
63,756 Corkery Throughway,44716,63,2021-07-01 12:42:31.197+08,2021-09-30 03:00:22.284+08
64,752 Koelpin Port,95409,64,2021-07-01 12:42:31.197+08,2021-09-30 03:00:22.284+08
65,7270 Brown Highway,67595,65,2021-07-01 12:42:31.197+08,2021-09-30 03:00:22.284+08
66,899 Ethan Course,13184,66,2021-07-01 12:42:31.197+08,2021-09-30 03:00:22.284+08
67,25914 Sawayn Knolls,49010,67,2021-07-01 12:42:31.197+08,2021-09-30 03:00:22.284+08
68,347 Gislason Center,83935-8634,68,2021-07-01 12:42:31.197+08,2021-09-30 03:00:22.284+08
69,7751 Gia Port,16304,69,2021-07-01 12:42:31.197+08,2021-09-30 03:00:22.285+08
70,900 Kulas Cliffs,15929-7659,70,2021-07-01 12:42:31.197+08,2021-09-30 03:00:22.285+08
71,4039 Purdy Light,79481-1486,71,2021-07-01 12:42:31.197+08,2021-09-30 03:00:22.285+08
72,246 Gerhold Island,25702-1202,72,2021-07-01 12:42:31.197+08,2021-09-30 03:00:22.285+08
73,3081 Dietrich Mountain,29129,73,2021-07-01 12:42:31.197+08,2021-09-30 03:00:22.285+08
74,0760 Barton Square,55609,74,2021-07-01 12:42:31.197+08,2021-09-30 03:00:22.285+08
75,07514 Teagan Crest,86561-4513,75,2021-07-01 12:42:31.197+08,2021-09-30 03:00:22.285+08
76,33703 Walter Corner,32895,76,2021-07-01 12:42:31.197+08,2021-09-30 03:00:22.285+08
77,254 DuBuque Extensions,21808,77,2021-07-01 12:42:31.197+08,2021-09-30 03:00:22.285+08
78,9791 Ernser Stravenue,34934,78,2021-07-01 12:42:31.197+08,2021-09-30 03:00:22.286+08
79,9376 Casper Ferry,35359,79,2021-07-01 12:42:31.197+08,2021-09-30 03:00:22.286+08
80,599 Emmalee Ports,04830,80,2021-07-01 12:42:31.197+08,2021-09-30 03:00:22.286+08
81,97208 Corwin Spring,60347-6395,81,2021-07-01 12:42:31.197+08,2021-09-30 03:00:22.286+08
82,83661 Nicola Divide,45105-0965,82,2021-07-01 12:42:31.197+08,2021-09-30 03:00:22.286+08
83,52833 Rath Mountain,36079-9167,83,2021-07-01 12:42:31.197+08,2021-09-30 03:00:22.286+08
84,2070 Ferry Terrace,97798,84,2021-07-01 12:42:31.197+08,2021-09-30 03:00:22.286+08
85,46965 Evelyn Terrace,28315,85,2021-07-01 12:42:31.197+08,2021-09-30 03:00:22.286+08
86,336 Ubaldo Forge,89796,86,2021-07-01 12:42:31.197+08,2021-09-30 03:00:22.286+08
87,982 Jeramie Crest,36636,87,2021-07-01 12:42:31.197+08,2021-09-30 03:00:22.286+08
88,523 Kohler Plains,49932-0185,88,2021-07-01 12:42:31.197+08,2021-09-30 03:00:22.286+08
90,876 Enola Views,12262-1044,90,2021-07-01 12:42:31.197+08,2021-09-30 03:00:22.286+08
91,5808 Breanna Locks,27343,91,2021-07-01 12:42:31.197+08,2021-09-30 03:00:22.286+08
92,271 Kuhn Road,71124-7048,92,2021-07-01 12:42:31.197+08,2021-09-30 03:00:22.287+08
93,9697 Swaniawski Squares,28373-1781,93,2021-07-01 12:42:31.197+08,2021-09-30 03:00:22.287+08
94,76436 Lucienne Dale,98711-2768,94,2021-07-01 12:42:31.197+08,2021-09-30 03:00:22.287+08
97,0689 Pfeffer Causeway,73161,97,2021-07-01 12:42:31.197+08,2021-09-30 03:00:22.287+08
98,2149 Eulah Row,81387-4695,98,2021-07-01 12:42:31.197+08,2021-09-30 03:00:22.287+08
99,33781 Gutkowski Inlet,48346,99,2021-07-01 12:42:31.197+08,2021-09-30 03:00:22.287+08
100,56641 Kieran Cove,77498,100,2021-07-01 12:42:31.197+08,2021-09-30 03:00:22.287+08
105,1604 Gertrude Crossroad,49449,105,2021-07-01 12:42:31.197+08,2021-09-30 03:00:22.287+08
106,475 Fay Forks,38936,106,2021-07-01 12:42:31.197+08,2021-09-30 03:00:22.287+08
108,02688 Beahan Skyway,55764,108,2021-07-01 12:42:31.197+08,2021-09-30 03:00:22.287+08
110,712 Maverick Club,95806,110,2021-07-01 12:42:31.197+08,2021-09-30 03:00:22.288+08
111,472 Wolff Knolls,67097,111,2021-07-01 12:42:31.197+08,2021-09-30 03:00:22.288+08
112,820 Stephon Villages,30742,112,2021-07-01 12:42:31.197+08,2021-09-30 03:00:22.288+08
114,7055 Rosenbaum Summit,71978,114,2021-07-01 12:42:31.197+08,2021-09-30 03:00:22.288+08
115,48248 Dejuan Heights,28605,115,2021-07-01 12:42:31.197+08,2021-09-30 03:00:22.288+08
116,2140 Juana Mission,98849-2254,116,2021-07-01 12:42:31.197+08,2021-09-30 03:00:22.288+08
117,78809 Kuhn Pines,42231-8919,117,2021-07-01 12:42:31.197+08,2021-09-30 03:00:22.288+08
118,48084 Mossie Valleys,06148,118,2021-07-01 12:42:31.197+08,2021-09-30 03:00:22.288+08
119,34186 Hackett Haven,98661,119,2021-07-01 12:42:31.197+08,2021-09-30 03:00:22.288+08
121,511 Peggie Circles,79875,121,2021-07-01 12:42:31.197+08,2021-09-30 03:00:22.288+08
122,6959 Brittany Forges,66806,122,2021-07-01 12:42:31.197+08,2021-09-30 03:00:22.288+08
123,085 Maxine Road,79548-0790,123,2021-07-01 12:42:31.197+08,2021-09-30 03:00:22.288+08
124,22561 Reilly Mills,91711,124,2021-07-01 12:42:31.197+08,2021-09-30 03:00:22.288+08
125,362 Jovany Ville,23591-3963,125,2021-07-01 12:42:31.197+08,2021-09-30 03:00:22.288+08
126,4918 Bruen Tunnel,85831,126,2021-07-01 12:42:31.197+08,2021-09-30 03:00:22.288+08
127,30129 Murray Via,04999,127,2021-07-01 12:42:31.197+08,2021-09-30 03:00:22.288+08
128,76769 Boyle Orchard,56739,128,2021-07-01 12:42:31.197+08,2021-09-30 03:00:22.289+08
129,588 Tyrese Corner,30041,129,2021-07-01 12:42:31.197+08,2021-09-30 03:00:22.289+08
130,78409 Raynor Street,91140,130,2021-07-01 12:42:31.197+08,2021-09-30 03:00:22.289+08
131,5293 Jacklyn River,07015,131,2021-07-01 12:42:31.197+08,2021-09-30 03:00:22.289+08
132,5762 Jammie Roads,31946-0231,132,2021-07-01 12:42:31.197+08,2021-09-30 03:00:22.289+08
133,5378 Dorothea Inlet,28820-5075,133,2021-07-01 12:42:31.197+08,2021-09-30 03:00:22.289+08
134,891 Connelly Roads,83755,134,2021-07-01 12:42:31.197+08,2021-09-30 03:00:22.289+08
135,684 Flatley Isle,79057,135,2021-07-01 12:42:31.197+08,2021-09-30 03:00:22.289+08
136,8460 Isac Vista,92489,136,2021-07-01 12:42:31.197+08,2021-09-30 03:00:22.289+08
137,91122 Morissette Brook,09852-1812,137,2021-07-01 12:42:31.197+08,2021-09-30 03:00:22.289+08
138,472 Garnet Turnpike,90921-7038,138,2021-07-01 12:42:31.197+08,2021-09-30 03:00:22.289+08
139,876 Kilback Drive,77808-5456,139,2021-07-01 12:42:31.197+08,2021-09-30 03:00:22.289+08
140,835 Ronny Drive,06777-2019,140,2021-07-01 12:42:31.197+08,2021-09-30 03:00:22.289+08
141,227 Estefania Alley,96790,141,2021-07-01 12:42:31.197+08,2021-09-30 03:00:22.289+08
142,8077 Johns Ways,91919-9560,142,2021-07-01 12:42:31.197+08,2021-09-30 03:00:22.29+08
143,343 Hane Branch,87376-5950,143,2021-07-01 12:42:31.197+08,2021-09-30 03:00:22.29+08
144,665 Travon Brook,36350,144,2021-07-01 12:42:31.197+08,2021-09-30 03:00:22.29+08
145,9019 Garnet Parkways,65153-4703,145,2021-07-01 12:42:31.197+08,2021-09-30 03:00:22.29+08
146,69952 Kuvalis Field,86914,146,2021-07-01 12:42:31.197+08,2021-09-30 03:00:22.29+08
147,99239 Schamberger Terrace,10460,147,2021-07-01 12:42:31.197+08,2021-09-30 03:00:22.29+08
148,37594 Lupe Forges,07721,148,2021-07-01 12:42:31.197+08,2021-09-30 03:00:22.29+08
149,242 Gordon Road,97743,149,2021-07-01 12:42:31.197+08,2021-09-30 03:00:22.29+08
150,104 Krajcik Field,20464,150,2021-07-01 12:42:31.197+08,2021-09-30 03:00:22.29+08
151,1807 Clementina Parkway,09130-1159,151,2021-07-01 12:42:31.197+08,2021-09-30 03:00:22.29+08
152,1710 Hyatt Inlet,34126,152,2021-07-01 12:42:31.197+08,2021-09-30 03:00:22.29+08
153,075 Parker Squares,23528,153,2021-07-01 12:42:31.197+08,2021-09-30 03:00:22.29+08
154,23541 Okuneva Trail,45175,154,2021-07-01 12:42:31.197+08,2021-09-30 03:00:22.29+08
155,16036 Chad Square,00098,155,2021-07-01 12:42:31.197+08,2021-09-30 03:00:22.29+08
156,548 Schamberger Summit,58058-5532,156,2021-07-01 12:42:31.197+08,2021-09-30 03:00:22.29+08
157,46909 Hermiston Station,12345,157,2021-07-01 12:42:31.197+08,2021-09-30 03:00:22.29+08
158,94027 Lulu Spur,94392-5243,158,2021-07-01 12:42:31.197+08,2021-09-30 03:00:22.29+08
159,2038 Nyasia Shore,78689-1977,159,2021-07-01 12:42:31.197+08,2021-09-30 03:00:22.291+08
160,17947 Dulce Meadows,02535,160,2021-07-01 12:42:31.197+08,2021-09-30 03:00:22.291+08
161,2668 Joseph Isle,94796,161,2021-07-01 12:42:31.197+08,2021-09-30 03:00:22.291+08
162,175 Reynolds Dam,62701-0200,162,2021-07-01 12:42:31.197+08,2021-09-30 03:00:22.291+08
163,6040 Nathen Oval,65428-5712,163,2021-07-01 12:42:31.197+08,2021-09-30 03:00:22.291+08
164,93424 Abbott Mountain,35088-1030,164,2021-07-01 12:42:31.197+08,2021-09-30 03:00:22.291+08
165,20604 Hollis Underpass,46064-8762,165,2021-07-01 12:42:31.197+08,2021-09-30 03:00:22.291+08
166,65108 Maxwell Valley,50274-8234,166,2021-07-01 12:42:31.197+08,2021-09-30 03:00:22.291+08
167,6586 Kuhn Bypass,02825-9566,167,2021-07-01 12:42:31.197+08,2021-09-30 03:00:22.291+08
168,05448 Estell Prairie,79939-7162,168,2021-07-01 12:42:31.197+08,2021-09-30 03:00:22.291+08
169,422 Paucek Village,86260-7071,169,2021-07-01 12:42:31.197+08,2021-09-30 03:00:22.291+08
170,156 Orrin Courts,07458-2479,170,2021-07-01 12:42:31.197+08,2021-09-30 03:00:22.291+08
171,2126 Mara Lodge,88724,171,2021-07-01 12:42:31.197+08,2021-09-30 03:00:22.291+08
172,183 Domenic Route,49871-5015,172,2021-07-01 12:42:31.197+08,2021-09-30 03:00:22.291+08
173,09637 Maurice Pine,20689-5505,173,2021-07-01 12:42:31.197+08,2021-09-30 03:00:22.291+08
174,38276 Moses Point,77170,174,2021-07-01 12:42:31.197+08,2021-09-30 03:00:22.291+08
175,877 Libbie Radial,67273,175,2021-07-01 12:42:31.197+08,2021-09-30 03:00:22.291+08
176,79548 Helen Pine,44783-5522,176,2021-07-01 12:42:31.197+08,2021-09-30 03:00:22.291+08
177,121 Trace Springs,73250-9243,177,2021-07-01 12:42:31.197+08,2021-09-30 03:00:22.292+08
178,67897 Alexie Mountain,96519,178,2021-07-01 12:42:31.197+08,2021-09-30 03:00:22.292+08
179,746 Langosh Road,05311,179,2021-07-01 12:42:31.197+08,2021-09-30 03:00:22.292+08
180,144 Louvenia Mission,38616-8769,180,2021-07-01 12:42:31.197+08,2021-09-30 03:00:22.292+08
181,39876 Odie Spur,03863-0426,181,2021-07-01 12:42:31.197+08,2021-09-30 03:00:22.292+08
182,860 Ross Forest,41876,182,2021-07-01 12:42:31.197+08,2021-09-30 03:00:22.292+08
183,8069 Claire Mountain,38022,183,2021-07-01 12:42:31.197+08,2021-09-30 03:00:22.292+08
184,7593 Presley Causeway,62834,184,2021-07-01 12:42:31.197+08,2021-09-30 03:00:22.292+08
185,0386 Cassin Pass,37403-8348,185,2021-07-01 12:42:31.197+08,2021-09-30 03:00:22.292+08
186,772 Brad Key,51835-0276,186,2021-07-01 12:42:31.197+08,2021-09-30 03:00:22.292+08
187,54333 Christine Street,09382-3158,187,2021-07-01 12:42:31.197+08,2021-09-30 03:00:22.292+08
188,21552 Rudy Port,36661,188,2021-07-01 12:42:31.197+08,2021-09-30 03:00:22.292+08
189,4504 Schmidt River,72513,189,2021-07-01 12:42:31.197+08,2021-09-30 03:00:22.292+08
190,26612 Fritsch Coves,55425-7921,190,2021-07-01 12:42:31.197+08,2021-09-30 03:00:22.292+08
191,6545 Lupe Valleys,97644,191,2021-07-01 12:42:31.197+08,2021-09-30 03:00:22.292+08
192,8125 Dewitt Meadows,67637,192,2021-07-01 12:42:31.197+08,2021-09-30 03:00:22.292+08
193,4904 Wintheiser Court,15730-7551,193,2021-07-01 12:42:31.197+08,2021-09-30 03:00:22.292+08
194,298 Marie Isle,67834-4328,194,2021-07-01 12:42:31.197+08,2021-09-30 03:00:22.292+08
195,48855 Anderson Fort,80516,195,2021-07-01 12:42:31.197+08,2021-09-30 03:00:22.292+08
196,548 Assunta Roads,68415-0230,196,2021-07-01 12:42:31.197+08,2021-09-30 03:00:22.293+08
1,12396 Jayce Knoll,04612-6742,1,2021-07-01 12:42:31.197+08,2021-09-30 03:00:22.279+08
2,96843 Lebsack Isle,77472,2,2021-07-01 12:42:31.197+08,2021-09-30 03:00:22.279+08
3,4183 Jarvis Mall,18000-4534,3,2021-07-01 12:42:31.197+08,2021-09-30 03:00:22.279+08
4,11562 Alek Corner,22240,4,2021-07-01 12:42:31.197+08,2021-09-30 03:00:22.279+08
27,89953 Tess Station,18802,27,2021-07-01 12:42:31.197+08,2021-09-30 03:00:22.281+08
43,3381 Mohamed Shoal,20419,43,2021-07-01 12:42:31.197+08,2021-09-30 03:00:22.282+08
89,6061 Magdalen Stream,36452-7374,89,2021-07-01 12:42:31.197+08,2021-09-30 03:00:22.286+08
95,33786 Strosin Tunnel,45223,95,2021-07-01 12:42:31.197+08,2021-09-30 03:00:22.287+08
96,62268 Gerardo Court,78992-2649,96,2021-07-01 12:42:31.197+08,2021-09-30 03:00:22.287+08
101,1182 Predovic Crest,37173-1203,101,2021-07-01 12:42:31.197+08,2021-09-30 03:00:22.287+08
102,4022 Brekke Forest,85328-9478,102,2021-07-01 12:42:31.197+08,2021-09-30 03:00:22.287+08
103,71129 Ferne Fort,90705-8634,103,2021-07-01 12:42:31.197+08,2021-09-30 03:00:22.287+08
104,4121 Murray Station,90607-3166,104,2021-07-01 12:42:31.197+08,2021-09-30 03:00:22.287+08
107,795 Ernser Haven,34112-8057,107,2021-07-01 12:42:31.197+08,2021-09-30 03:00:22.287+08
109,821 Christ Fords,58854,109,2021-07-01 12:42:31.197+08,2021-09-30 03:00:22.287+08
113,0389 Leland Pike,88644-3865,113,2021-07-01 12:42:31.197+08,2021-09-30 03:00:22.288+08
120,05314 Alvah Drives,07665,120,2021-07-01 12:42:31.197+08,2021-09-30 03:00:22.288+08
197,768 Raina Avenue,51908-4604,197,2021-07-01 12:42:31.197+08,2021-09-30 03:00:22.293+08
198,01060 Ayden Terrace,68621,198,2021-07-01 12:42:31.197+08,2021-09-30 03:00:22.293+08
199,46976 Darien Gardens,48239-5350,199,2021-07-01 12:42:31.197+08,2021-09-30 03:00:22.293+08
200,784 Mae Drive,03431,200,2021-07-01 12:42:31.197+08,2021-09-30 03:00:22.293+08
201,98115 Kirlin Green,87338,201,2021-07-01 12:42:31.197+08,2021-09-30 03:00:22.293+08
202,950 Shyann Loaf,29931,202,2021-07-01 12:42:31.197+08,2021-09-30 03:00:22.293+08
203,810 Kailey Cliffs,50147,203,2021-07-01 12:42:31.197+08,2021-09-30 03:00:22.293+08
204,78749 Upton Way,15682,204,2021-07-01 12:42:31.197+08,2021-09-30 03:00:22.293+08
205,28990 Ebert Gardens,84057-3034,205,2021-07-01 12:42:31.197+08,2021-09-30 03:00:22.293+08
206,7450 O'Conner Views,06640,206,2021-07-01 12:42:31.197+08,2021-09-30 03:00:22.293+08
