id,name,dob,additional_info,parent_id,created_at,updated_at
7,Paulette Rodriguez III,2021-02-10 00:00:00+08,"",6,2021-07-01 12:42:31.199+08,2021-09-30 03:00:22.294+08
8,Fernando Mraz,2021-02-10 00:00:00+08,"",6,2021-07-01 12:42:31.199+08,2021-09-30 03:00:22.294+08 
9,Bessie Stroman,2011-03-26 00:00:00+08,"",7,2021-07-01 12:42:31.2+08,2021-09-30 03:00:22.294+08
10,Vanessa Fay,2013-08-30 00:00:00+08,"",8,2021-07-01 12:42:31.2+08,2021-09-30 03:00:22.294+08
11,Adam Reichert,2012-05-08 00:00:00+08,"",9,2021-07-01 12:42:31.2+08,2021-09-30 03:00:22.294+08
12,Abraham Hermiston,2014-12-23 00:00:00+08,"",10,2021-07-01 12:42:31.2+08,2021-09-30 03:00:22.294+08
13,Alonzo Hoppe,2014-04-23 00:00:00+08,"",11,2021-07-01 12:42:31.2+08,2021-09-30 03:00:22.294+08
14,Violet Breitenberg,2013-04-07 00:00:00+08,"",12,2021-07-01 12:42:31.2+08,2021-09-30 03:00:22.294+08
15,Jake Hettinger III,1900-01-01 00:00:00+06:55:25,"",13,2021-07-01 12:42:31.2+08,2021-09-30 03:00:22.294+08
16,Tabitha Weissnat,2014-07-16 00:00:00+08,"",14,2021-07-01 12:42:31.2+08,2021-09-30 03:00:22.294+08
17,Alan Windler,2015-12-01 00:00:00+08,"",14,2021-07-01 12:42:31.2+08,2021-09-30 03:00:22.294+08
18,Reginald Cartwright,2014-04-25 00:00:00+08,"",15,2021-07-01 12:42:31.2+08,2021-09-30 03:00:22.294+08
19,Kristi Kris,2014-10-31 00:00:00+08,"",16,2021-07-01 12:42:31.2+08,2021-09-30 03:00:22.294+08
20,Leticia Parisian,2014-06-06 00:00:00+08,"",17,2021-07-01 12:42:31.2+08,2021-09-30 03:00:22.294+08
21,Olivia Kilback,2014-12-30 00:00:00+08,"",18,2021-07-01 12:42:31.2+08,2021-09-30 03:00:22.294+08
22,Vickie Yost,2014-08-29 00:00:00+08,"",19,2021-07-01 12:42:31.2+08,2021-09-30 03:00:22.294+08
23,Ms. Bobby Von,2014-02-09 00:00:00+08,"",20,2021-07-01 12:42:31.2+08,2021-09-30 03:00:22.295+08
24,Alice Bogan,2011-01-04 00:00:00+08,"",21,2021-07-01 12:42:31.2+08,2021-09-30 03:00:22.295+08
25,Erica Klocko,2010-05-03 00:00:00+08,"",22,2021-07-01 12:42:31.2+08,2021-09-30 03:00:22.295+08
26,Tracy Sipes,2011-01-20 00:00:00+08,"",23,2021-07-01 12:42:31.2+08,2021-09-30 03:00:22.295+08
27,Miss Lorene Labadie,2010-11-03 00:00:00+08,"",24,2021-07-01 12:42:31.2+08,2021-09-30 03:00:22.295+08
28,Nicolas Hammes,2010-03-10 00:00:00+08,"",25,2021-07-01 12:42:31.2+08,2021-09-30 03:00:22.295+08
29,Mr. Kathleen Huels,2011-06-26 00:00:00+08,"",26,2021-07-01 12:42:31.2+08,2021-09-30 03:00:22.295+08
30,Elvira Runolfsson,2008-05-07 00:00:00+08,"",27,2021-07-01 12:42:31.2+08,2021-09-30 03:00:22.295+08
31,Dana Bailey,2011-07-21 00:00:00+08,"",28,2021-07-01 12:42:31.2+08,2021-09-30 03:00:22.295+08
32,Garry Koelpin,2010-06-02 00:00:00+08,"",29,2021-07-01 12:42:31.2+08,2021-09-30 03:00:22.295+08
33,Orlando Brakus,2011-11-21 00:00:00+08,"",30,2021-07-01 12:42:31.2+08,2021-09-30 03:00:22.295+08
34,Dexter Swaniawski,2011-01-27 00:00:00+08,"",31,2021-07-01 12:42:31.2+08,2021-09-30 03:00:22.295+08
35,Norma Pfeffer,2009-11-14 00:00:00+08,"",32,2021-07-01 12:42:31.2+08,2021-09-30 03:00:22.295+08
36,Olive Ratke,2013-07-11 00:00:00+08,"",30,2021-07-01 12:42:31.2+08,2021-09-30 03:00:22.296+08
37,Ms. Clarence Stanton,2013-04-02 00:00:00+08,"",33,2021-07-01 12:42:31.2+08,2021-09-30 03:00:22.296+08
38,Ms. Steven Lebsack,2009-06-02 00:00:00+08,Allergy to food preservatives,34,2021-07-01 12:42:31.2+08,2021-09-30 03:00:22.296+08
39,Francisco Kunde,2010-11-26 00:00:00+08,"",35,2021-07-01 12:42:31.201+08,2021-09-30 03:00:22.296+08
40,Tyrone Bashirian,2011-08-27 00:00:00+08,"",36,2021-07-01 12:42:31.201+08,2021-09-30 03:00:22.296+08
41,Gwendolyn Labadie,2010-05-26 00:00:00+08,"",37,2021-07-01 12:42:31.201+08,2021-09-30 03:00:22.296+08
42,Sean Lang V,2013-05-02 00:00:00+08,"",38,2021-07-01 12:42:31.201+08,2021-09-30 03:00:22.296+08
43,Francisco Batz,2015-06-05 00:00:00+08,"",39,2021-07-01 12:42:31.201+08,2021-09-30 03:00:22.296+08
44,Madeline Kling,2012-02-22 00:00:00+08,"",40,2021-07-01 12:42:31.201+08,2021-09-30 03:00:22.296+08
46,Mrs. Mathew Buckridge,1900-01-01 00:00:00+06:55:25,"",42,2021-07-01 12:42:31.201+08,2021-09-30 03:00:22.296+08
47,Jackie Padberg,1900-01-01 00:00:00+06:55:25,"",43,2021-07-01 12:42:31.201+08,2021-09-30 03:00:22.296+08
48,Jermaine Kuvalis II,2013-12-01 00:00:00+08,"",44,2021-07-01 12:42:31.201+08,2021-09-30 03:00:22.296+08
49,Raul Lindgren,2013-01-15 00:00:00+08,"",45,2021-07-01 12:42:31.201+08,2021-09-30 03:00:22.296+08
50,Leonard Rath,2013-09-22 00:00:00+08,"",46,2021-07-01 12:42:31.201+08,2021-09-30 03:00:22.296+08
51,Ora Heller,2013-06-10 00:00:00+08,"",47,2021-07-01 12:42:31.201+08,2021-09-30 03:00:22.296+08
52,Brent Cartwright,2015-03-24 00:00:00+08,"",48,2021-07-01 12:42:31.201+08,2021-09-30 03:00:22.296+08
53,Bennie Funk,2013-05-01 00:00:00+08,"",49,2021-07-01 12:42:31.201+08,2021-09-30 03:00:22.296+08
54,Neal Marquardt,2015-11-22 00:00:00+08,"",50,2021-07-01 12:42:31.201+08,2021-09-30 03:00:22.296+08
55,Ms. Jeannette Mayer,2013-09-27 00:00:00+08,"",51,2021-07-01 12:42:31.201+08,2021-09-30 03:00:22.296+08
56,Leah Wunsch,2013-04-13 00:00:00+08,"",52,2021-07-01 12:42:31.201+08,2021-09-30 03:00:22.296+08
57,Ismael Hyatt,2015-07-22 00:00:00+08,Hazelnut/choc,53,2021-07-01 12:42:31.201+08,2021-09-30 03:00:22.296+08
58,Ronald Rutherford,2011-07-29 00:00:00+08,"",54,2021-07-01 12:42:31.201+08,2021-09-30 03:00:22.296+08
59,Tim Schulist,2010-02-16 00:00:00+08,"",55,2021-07-01 12:42:31.201+08,2021-09-30 03:00:22.297+08
60,Holly Leannon,2010-03-15 00:00:00+08,"",56,2021-07-01 12:42:31.201+08,2021-09-30 03:00:22.297+08
61,Jamie Wolf,2011-02-15 00:00:00+08,"",57,2021-07-01 12:42:31.201+08,2021-09-30 03:00:22.297+08
62,Marianne Gottlieb,2009-05-25 00:00:00+08,"",58,2021-07-01 12:42:31.201+08,2021-09-30 03:00:22.297+08
63,Judy Feil I,2007-08-15 00:00:00+08,"",58,2021-07-01 12:42:31.201+08,2021-09-30 03:00:22.297+08
64,Edna Beahan,2010-10-18 00:00:00+08,"",59,2021-07-01 12:42:31.201+08,2021-09-30 03:00:22.297+08
65,Nicholas Rolfson,1900-01-01 00:00:00+06:55:25,"",60,2021-07-01 12:42:31.201+08,2021-09-30 03:00:22.297+08
66,Phil Haley MD,2012-07-09 00:00:00+08,"",61,2021-07-01 12:42:31.201+08,2021-09-30 03:00:22.297+08
67,Ella Miller,2013-10-25 00:00:00+08,"",18,2021-07-01 12:42:31.201+08,2021-09-30 03:00:22.297+08
68,Marc Effertz,2013-04-18 00:00:00+08,"",62,2021-07-01 12:42:31.201+08,2021-09-30 03:00:22.297+08
69,Mrs. Gerardo Rutherford,2013-04-25 00:00:00+08,"",63,2021-07-01 12:42:31.201+08,2021-09-30 03:00:22.297+08
70,Tiffany Bauch,2014-12-08 00:00:00+08,"",64,2021-07-01 12:42:31.201+08,2021-09-30 03:00:22.297+08
71,Regina Vandervort,2012-02-19 00:00:00+08,"",65,2021-07-01 12:42:31.201+08,2021-09-30 03:00:22.297+08
73,Carol Hills,2013-07-06 00:00:00+08,"Thalassemia A minor, Allergic to insect bites",67,2021-07-01 12:42:31.201+08,2021-09-30 03:00:22.297+08
74,Lorenzo Dicki Jr.,2012-11-04 00:00:00+08,"",68,2021-07-01 12:42:31.202+08,2021-09-30 03:00:22.297+08
75,Edgar Huel,2015-04-29 00:00:00+08,"",69,2021-07-01 12:42:31.202+08,2021-09-30 03:00:22.297+08
76,Mack Torphy,2012-11-26 00:00:00+08,"",70,2021-07-01 12:42:31.202+08,2021-09-30 03:00:22.297+08
77,Kimberly VonRueden I,2013-03-06 00:00:00+08,"",71,2021-07-01 12:42:31.202+08,2021-09-30 03:00:22.297+08
78,Thomas Anderson V,2013-07-06 00:00:00+08,"",72,2021-07-01 12:42:31.202+08,2021-09-30 03:00:22.298+08
79,Ms. Spencer Homenick,2013-11-23 00:00:00+08,"",73,2021-07-01 12:42:31.202+08,2021-09-30 03:00:22.298+08
80,Daniel Ondricka,2010-09-13 00:00:00+08,"",74,2021-07-01 12:42:31.202+08,2021-09-30 03:00:22.298+08
81,Christie Schimmel,2010-10-25 00:00:00+08,"",75,2021-07-01 12:42:31.202+08,2021-09-30 03:00:22.298+08
82,Tommy Borer,2008-01-01 00:00:00+08,"",76,2021-07-01 12:42:31.202+08,2021-09-30 03:00:22.298+08
83,Jeremiah Kuhic,2008-10-01 00:00:00+08,"",77,2021-07-01 12:42:31.202+08,2021-09-30 03:00:22.298+08
84,Jessie Douglas IV,2010-12-25 00:00:00+08,"",78,2021-07-01 12:42:31.202+08,2021-09-30 03:00:22.298+08
85,Melody Wiza,2012-10-27 00:00:00+08,"",79,2021-07-01 12:42:31.202+08,2021-09-30 03:00:22.298+08
86,Jan O'Connell,2010-11-02 00:00:00+08,"",80,2021-07-01 12:42:31.202+08,2021-09-30 03:00:22.298+08
87,Otis Schoen,2009-02-12 00:00:00+08,"",81,2021-07-01 12:42:31.202+08,2021-09-30 03:00:22.298+08
88,Jenny Walsh,2012-03-08 00:00:00+08,"",82,2021-07-01 12:42:31.202+08,2021-09-30 03:00:22.298+08
89,Traci Kunze,1900-01-01 00:00:00+06:55:25,"",83,2021-07-01 12:42:31.202+08,2021-09-30 03:00:22.298+08
90,Gretchen Haag,1900-01-01 00:00:00+06:55:25,"",84,2021-07-01 12:42:31.202+08,2021-09-30 03:00:22.298+08
91,Jerald Collins,2009-01-01 00:00:00+08,"",85,2021-07-01 12:42:31.202+08,2021-09-30 03:00:22.298+08
92,Roman Bednar,2010-01-01 00:00:00+08,"",86,2021-07-01 12:42:31.202+08,2021-09-30 03:00:22.298+08
93,Jack Robel II,2010-01-01 00:00:00+08,"",87,2021-07-01 12:42:31.202+08,2021-09-30 03:00:22.298+08
94,Lawrence Price III,2008-01-01 00:00:00+08,"",88,2021-07-01 12:42:31.202+08,2021-09-30 03:00:22.298+08
95,Johanna Murray DDS,2011-01-01 00:00:00+08,"",89,2021-07-01 12:42:31.202+08,2021-09-30 03:00:22.298+08
96,Joe Von III,1900-01-01 00:00:00+06:55:25,"",90,2021-07-01 12:42:31.202+08,2021-09-30 03:00:22.298+08
102,Stuart Hilll,1900-01-01 00:00:00+06:55:25,"",95,2021-07-01 12:42:31.202+08,2021-09-30 03:00:22.299+08
103,Dr. Otis Kreiger,1900-01-01 00:00:00+06:55:25,"",96,2021-07-01 12:42:31.202+08,2021-09-30 03:00:22.299+08
104,Miss Dan Lind,1900-01-01 00:00:00+06:55:25,"",97,2021-07-01 12:42:31.202+08,2021-09-30 03:00:22.299+08
106,Jeannette Lang,1900-01-01 00:00:00+06:55:25,"",99,2021-07-01 12:42:31.202+08,2021-09-30 03:00:22.299+08
107,Horace Lindgren,1900-01-01 00:00:00+06:55:25,"",100,2021-07-01 12:42:31.202+08,2021-09-30 03:00:22.299+08
108,Mrs. Vivian Koepp,1900-01-01 00:00:00+06:55:25,"",96,2021-07-01 12:42:31.202+08,2021-09-30 03:00:22.299+08
109,Jon Steuber,2011-10-21 00:00:00+08,"",76,2021-07-01 12:42:31.202+08,2021-09-30 03:00:22.299+08
110,Yolanda Beatty,2012-01-01 00:00:00+08,"",101,2021-07-01 12:42:31.202+08,2021-09-30 03:00:22.299+08
111,Nina Hammes,2008-04-27 00:00:00+08,"",102,2021-07-01 12:42:31.202+08,2021-09-30 03:00:22.299+08
112,Neil Koss,2012-01-01 00:00:00+08,"",103,2021-07-01 12:42:31.203+08,2021-09-30 03:00:22.299+08
113,Adam Lynch,2010-01-01 00:00:00+08,"",103,2021-07-01 12:42:31.203+08,2021-09-30 03:00:22.299+08
114,Craig Carter,2010-01-01 00:00:00+08,"",104,2021-07-01 12:42:31.203+08,2021-09-30 03:00:22.299+08
115,Billie Blick,2011-01-01 00:00:00+08,"",105,2021-07-01 12:42:31.203+08,2021-09-30 03:00:22.299+08
116,Kelvin Schumm,2012-01-01 00:00:00+08,"",106,2021-07-01 12:42:31.203+08,2021-09-30 03:00:22.299+08
118,Tara O'Kon,2011-01-01 00:00:00+08,"",108,2021-07-01 12:42:31.203+08,2021-09-30 03:00:22.299+08
119,Angelo Durgan,2012-01-01 00:00:00+08,"",109,2021-07-01 12:42:31.203+08,2021-09-30 03:00:22.299+08
120,Jon Dooley,2010-05-15 00:00:00+08,"",110,2021-07-01 12:42:31.203+08,2021-09-30 03:00:22.299+08
121,Virginia Little,2010-11-29 00:00:00+08,"",111,2021-07-01 12:42:31.203+08,2021-09-30 03:00:22.3+08
122,John Barton,2010-02-22 00:00:00+08,"",112,2021-07-01 12:42:31.203+08,2021-09-30 03:00:22.3+08
123,Dr. Christopher Trantow,2010-10-25 00:00:00+08,"",113,2021-07-01 12:42:31.203+08,2021-09-30 03:00:22.3+08
124,Henrietta Hayes,2012-11-28 00:00:00+08,"",114,2021-07-01 12:42:31.203+08,2021-09-30 03:00:22.3+08
125,Constance Stamm,2015-04-22 00:00:00+08,"",115,2021-07-01 12:42:31.203+08,2021-09-30 03:00:22.3+08
126,Phillip Gerlach DVM,2013-12-27 00:00:00+08,"",116,2021-07-01 12:42:31.203+08,2021-09-30 03:00:22.3+08
127,Miss Kara Streich,2013-09-03 00:00:00+08,"",117,2021-07-01 12:42:31.203+08,2021-09-30 03:00:22.3+08
128,Dr. Harriet Jones,2012-12-20 00:00:00+08,"",118,2021-07-01 12:42:31.203+08,2021-09-30 03:00:22.3+08
129,Kenny Murphy,2014-08-16 00:00:00+08,Pollen Allergy,119,2021-07-01 12:42:31.203+08,2021-09-30 03:00:22.3+08
130,Javier Feil,2012-08-17 00:00:00+08,"",120,2021-07-01 12:42:31.203+08,2021-09-30 03:00:22.3+08
131,Mrs. Patty Harvey,1900-01-01 00:00:00+06:55:25,"",120,2021-07-01 12:42:31.203+08,2021-09-30 03:00:22.3+08
132,Casey Rath,2014-09-22 00:00:00+08,"",121,2021-07-01 12:42:31.203+08,2021-09-30 03:00:22.3+08
133,Trevor Auer,2011-04-26 00:00:00+08,"",122,2021-07-01 12:42:31.203+08,2021-09-30 03:00:22.3+08
135,Eunice Gulgowski,2010-01-15 00:00:00+08,"",124,2021-07-01 12:42:31.203+08,2021-09-30 03:00:22.3+08
136,Toby Rolfson,2015-12-22 00:00:00+08,"",125,2021-07-01 12:42:31.203+08,2021-09-30 03:00:22.3+08
137,Shawna Wisozk,2013-03-31 00:00:00+08,"",126,2021-07-01 12:42:31.203+08,2021-09-30 03:00:22.3+08
138,Silvia Simonis,2015-11-26 00:00:00+08,"",127,2021-07-01 12:42:31.203+08,2021-09-30 03:00:22.3+08
139,Steve Fritsch,2014-09-29 00:00:00+08,"",128,2021-07-01 12:42:31.203+08,2021-09-30 03:00:22.3+08
140,Warren Macejkovic,2011-12-16 00:00:00+08,"",129,2021-07-01 12:42:31.203+08,2021-09-30 03:00:22.3+08
141,Manuel McGlynn,2011-12-16 00:00:00+08,"",129,2021-07-01 12:42:31.203+08,2021-09-30 03:00:22.3+08
143,Gerardo McLaughlin,2010-01-16 00:00:00+08,"",131,2021-07-01 12:42:31.203+08,2021-09-30 03:00:22.3+08
144,Winston Swaniawski,2010-12-17 00:00:00+08,"",132,2021-07-01 12:42:31.203+08,2021-09-30 03:00:22.3+08
145,Grady Sipes,2021-06-24 00:00:00+08,"",133,2021-07-01 12:42:31.203+08,2021-09-30 03:00:22.3+08
146,Mrs. Terry Gislason,2013-05-15 00:00:00+08,"",134,2021-07-01 12:42:31.203+08,2021-09-30 03:00:22.301+08
147,Vickie Weissnat,2014-12-13 00:00:00+08,"",134,2021-07-01 12:42:31.203+08,2021-09-30 03:00:22.301+08
148,Shannon Welch,1900-01-01 00:00:00+06:55:25,"",131,2021-07-01 12:42:31.203+08,2021-09-30 03:00:22.301+08
149,Patty Jacobson,2013-05-26 00:00:00+08,"",135,2021-07-01 12:42:31.204+08,2021-09-30 03:00:22.301+08
150,Dana Sanford PhD,2015-04-15 00:00:00+08,"",135,2021-07-01 12:42:31.204+08,2021-09-30 03:00:22.301+08
151,Loren Wehner,2013-09-28 00:00:00+08,"",136,2021-07-01 12:42:31.204+08,2021-09-30 03:00:22.301+08
152,Miss Dwight Nicolas,2010-02-20 00:00:00+08,"",137,2021-07-01 12:42:31.204+08,2021-09-30 03:00:22.301+08
153,Curtis Huel,2011-02-14 00:00:00+08,"",138,2021-07-01 12:42:31.204+08,2021-09-30 03:00:22.301+08
154,Annette Hickle,2010-09-13 00:00:00+08,"",139,2021-07-01 12:42:31.204+08,2021-09-30 03:00:22.301+08
155,Pearl Prohaska,2010-11-18 00:00:00+08,"",140,2021-07-01 12:42:31.204+08,2021-09-30 03:00:22.301+08
156,Timothy Cremin,2012-05-31 00:00:00+08,"",141,2021-07-01 12:42:31.204+08,2021-09-30 03:00:22.301+08
157,Loretta Herman,2012-11-06 00:00:00+08,"",142,2021-07-01 12:42:31.204+08,2021-09-30 03:00:22.301+08
158,Kristin Feil,1900-01-01 00:00:00+06:55:25,"",143,2021-07-01 12:42:31.204+08,2021-09-30 03:00:22.301+08
159,Brian Wiza,2012-03-08 00:00:00+08,"",144,2021-07-01 12:42:31.204+08,2021-09-30 03:00:22.301+08
160,Gayle Turcotte,2011-05-27 00:00:00+08,"",145,2021-07-01 12:42:31.204+08,2021-09-30 03:00:22.301+08
162,Irvin Lind,2011-06-27 00:00:00+08,"",147,2021-07-01 12:42:31.204+08,2021-09-30 03:00:22.301+08
163,Walter White,2012-10-25 00:00:00+08,"",148,2021-07-01 12:42:31.204+08,2021-09-30 03:00:22.301+08
164,Dan Mills,2011-08-26 00:00:00+08,"",149,2021-07-01 12:42:31.204+08,2021-09-30 03:00:22.301+08
165,Ralph Ortiz,2012-11-14 00:00:00+08,"",150,2021-07-01 12:42:31.204+08,2021-09-30 03:00:22.301+08
166,Emmett Mosciski,2012-06-07 00:00:00+08,"",151,2021-07-01 12:42:31.204+08,2021-09-30 03:00:22.301+08
167,Gloria Gottlieb,2012-10-08 00:00:00+08,"",152,2021-07-01 12:42:31.204+08,2021-09-30 03:00:22.301+08
168,Tanya Lowe,2014-12-09 00:00:00+08,"",153,2021-07-01 12:42:31.204+08,2021-09-30 03:00:22.301+08
169,Andrew Gutmann,2013-11-04 00:00:00+08,"",154,2021-07-01 12:42:31.204+08,2021-09-30 03:00:22.301+08
170,Naomi Adams,2013-04-03 00:00:00+08,"",155,2021-07-01 12:42:31.204+08,2021-09-30 03:00:22.301+08
171,April O'Keefe II,2014-10-23 00:00:00+08,"",145,2021-07-01 12:42:31.204+08,2021-09-30 03:00:22.302+08
172,Lila Kris,2011-11-01 00:00:00+08,"",156,2021-07-01 12:42:31.204+08,2021-09-30 03:00:22.302+08
173,Javier Langworth,2011-03-01 00:00:00+08,"",157,2021-07-01 12:42:31.204+08,2021-09-30 03:00:22.302+08
174,Terri Kling,2010-08-26 00:00:00+08,"",158,2021-07-01 12:42:31.204+08,2021-09-30 03:00:22.302+08
175,Ms. Forrest Shields,2012-10-20 00:00:00+08,"",159,2021-07-01 12:42:31.204+08,2021-09-30 03:00:22.302+08
176,Natalie Shields,2011-08-10 00:00:00+08,"",46,2021-07-01 12:42:31.204+08,2021-09-30 03:00:22.302+08
177,Nick Botsford,2012-09-18 00:00:00+08,"",160,2021-07-01 12:42:31.204+08,2021-09-30 03:00:22.302+08
178,Alyssa Kunde,2012-04-22 00:00:00+08,"",161,2021-07-01 12:42:31.204+08,2021-09-30 03:00:22.302+08
179,Israel Conroy,2011-12-21 00:00:00+08,"",162,2021-07-01 12:42:31.204+08,2021-09-30 03:00:22.302+08
180,Ken Herman DDS,2011-02-01 00:00:00+08,"",163,2021-07-01 12:42:31.204+08,2021-09-30 03:00:22.302+08
181,Jennifer Walter I,2012-11-14 00:00:00+08,"",164,2021-07-01 12:42:31.204+08,2021-09-30 03:00:22.302+08
182,Misty Zboncak,2012-12-31 00:00:00+08,"",165,2021-07-01 12:42:31.204+08,2021-09-30 03:00:22.302+08
183,Terry Schowalter,2011-11-22 00:00:00+08,"",166,2021-07-01 12:42:31.204+08,2021-09-30 03:00:22.302+08
184,Wade Ferry,1900-01-01 00:00:00+06:55:25,"",167,2021-07-01 12:42:31.204+08,2021-09-30 03:00:22.302+08
185,Oliver Rutherford,2010-03-28 00:00:00+08,"",168,2021-07-01 12:42:31.204+08,2021-09-30 03:00:22.302+08
186,Gary Schoen,2011-04-22 00:00:00+08,"",169,2021-07-01 12:42:31.205+08,2021-09-30 03:00:22.302+08
187,Meredith O'Keefe,2009-03-01 00:00:00+08,"",170,2021-07-01 12:42:31.205+08,2021-09-30 03:00:22.302+08
188,Angelina Rippin,2009-10-09 00:00:00+08,"",171,2021-07-01 12:42:31.205+08,2021-09-30 03:00:22.302+08
189,Francis King,2010-01-08 00:00:00+08,"",172,2021-07-01 12:42:31.205+08,2021-09-30 03:00:22.302+08
191,Lance Sipes,2010-12-10 00:00:00+08,"",174,2021-07-01 12:42:31.205+08,2021-09-30 03:00:22.302+08
192,Bernice Ratke,2009-07-24 00:00:00+08,"",175,2021-07-01 12:42:31.205+08,2021-09-30 03:00:22.302+08
193,Casey Veum,2011-05-09 00:00:00+08,"",176,2021-07-01 12:42:31.205+08,2021-09-30 03:00:22.302+08
194,Chris Price,2009-11-26 00:00:00+08,Allergic to macadamia nuts,177,2021-07-01 12:42:31.205+08,2021-09-30 03:00:22.302+08
195,Nadine Langworth,2009-11-14 00:00:00+08,"",178,2021-07-01 12:42:31.205+08,2021-09-30 03:00:22.302+08
196,Lorraine Anderson,2008-06-23 00:00:00+08,"",179,2021-07-01 12:42:31.205+08,2021-09-30 03:00:22.302+08
1,Noah Harber,1900-01-01 00:00:00+06:55:25,"",1,2021-07-01 12:42:31.199+08,2021-09-30 03:00:22.293+08
2,Jesse Wisoky I,2009-11-26 00:00:00+08,"",2,2021-07-01 12:42:31.199+08,2021-09-30 03:00:22.294+08
3,Stuart Volkman,2007-12-01 00:00:00+08,"",3,2021-07-01 12:42:31.199+08,2021-09-30 03:00:22.294+08
4,Scott Donnelly,2010-05-22 00:00:00+08,"",4,2021-07-01 12:42:31.199+08,2021-09-30 03:00:22.294+08
5,Chelsea Walsh,2013-07-03 00:00:00+08,"",5,2021-07-01 12:42:31.199+08,2021-09-30 03:00:22.294+08
6,Marcella Yundt,2010-10-30 00:00:00+08,"",5,2021-07-01 12:42:31.199+08,2021-09-30 03:00:22.294+08
45,Cristina Larson,2013-04-10 00:00:00+08,"",41,2021-07-01 12:42:31.201+08,2021-09-30 03:00:22.296+08
72,Courtney Altenwerth,2013-09-27 00:00:00+08,"",66,2021-07-01 12:42:31.201+08,2021-09-30 03:00:22.297+08
97,Cary O'Connell,2010-01-01 00:00:00+08,"",87,2021-07-01 12:42:31.202+08,2021-09-30 03:00:22.298+08
98,Heather Hirthe,2009-01-01 00:00:00+08,"",91,2021-07-01 12:42:31.202+08,2021-09-30 03:00:22.298+08
99,Lynette Bode,1900-01-01 00:00:00+06:55:25,"",92,2021-07-01 12:42:31.202+08,2021-09-30 03:00:22.298+08
100,Angelica Zemlak,1900-01-01 00:00:00+06:55:25,"",93,2021-07-01 12:42:31.202+08,2021-09-30 03:00:22.298+08
101,Erick Davis,1900-01-01 00:00:00+06:55:25,"",94,2021-07-01 12:42:31.202+08,2021-09-30 03:00:22.299+08
105,Sonia Schmeler I,1900-01-01 00:00:00+06:55:25,"",98,2021-07-01 12:42:31.202+08,2021-09-30 03:00:22.299+08
117,Guadalupe Romaguera,2014-01-01 00:00:00+08,"",107,2021-07-01 12:42:31.203+08,2021-09-30 03:00:22.299+08
134,Rogelio Dach,2011-08-18 00:00:00+08,"",123,2021-07-01 12:42:31.203+08,2021-09-30 03:00:22.3+08
142,Lillie Koelpin,2013-01-22 00:00:00+08,"",130,2021-07-01 12:42:31.203+08,2021-09-30 03:00:22.3+08
161,Charlie Oberbrunner,2011-04-28 00:00:00+08,"",146,2021-07-01 12:42:31.204+08,2021-09-30 03:00:22.301+08
190,Patrick MacGyver,2009-10-21 00:00:00+08,"",173,2021-07-01 12:42:31.205+08,2021-09-30 03:00:22.302+08
197,Israel Leuschke,2007-07-20 00:00:00+08,"",180,2021-07-01 12:42:31.205+08,2021-09-30 03:00:22.303+08
198,Douglas Buckridge,2007-10-31 00:00:00+08,"",181,2021-07-01 12:42:31.205+08,2021-09-30 03:00:22.303+08
199,Hugh Nitzsche,2011-08-03 00:00:00+08,"",182,2021-07-01 12:42:31.205+08,2021-09-30 03:00:22.303+08
200,Eunice Stark,2009-06-26 00:00:00+08,"",183,2021-07-01 12:42:31.205+08,2021-09-30 03:00:22.303+08
201,Geneva Smitham IV,2009-02-26 00:00:00+08,"",184,2021-07-01 12:42:31.205+08,2021-09-30 03:00:22.303+08
202,Timmy Schiller III,2010-03-19 00:00:00+08,"",185,2021-07-01 12:42:31.205+08,2021-09-30 03:00:22.303+08
203,Zachary Considine,1900-01-01 00:00:00+06:55:25,"",186,2021-07-01 12:42:31.205+08,2021-09-30 03:00:22.303+08
204,Roland Anderson,2011-06-26 00:00:00+08,"",187,2021-07-01 12:42:31.205+08,2021-09-30 03:00:22.303+08
205,Yvonne Goldner,2009-02-02 00:00:00+08,"",188,2021-07-01 12:42:31.205+08,2021-09-30 03:00:22.303+08
206,Shari Murphy,2012-12-30 00:00:00+08,"",189,2021-07-01 12:42:31.205+08,2021-09-30 03:00:22.303+08
207,Pauline Runolfsson,2012-03-05 00:00:00+08,"",190,2021-07-01 12:42:31.205+08,2021-09-30 03:00:22.303+08
208,Ruby Barrows,2012-03-19 00:00:00+08,"",191,2021-07-01 12:42:31.205+08,2021-09-30 03:00:22.303+08
209,Tracey Moore V,2011-05-05 00:00:00+08,"",192,2021-07-01 12:42:31.205+08,2021-09-30 03:00:22.303+08
210,Austin Kunze,2014-07-07 00:00:00+08,"",193,2021-07-01 12:42:31.205+08,2021-09-30 03:00:22.303+08
211,Lonnie Renner,2012-11-05 00:00:00+08,"",194,2021-07-01 12:42:31.205+08,2021-09-30 03:00:22.303+08
212,Adrian Lesch,2012-10-04 00:00:00+08,"",195,2021-07-01 12:42:31.205+08,2021-09-30 03:00:22.303+08
213,Maria Kling DDS,2008-09-09 00:00:00+08,"",196,2021-07-01 12:42:31.205+08,2021-09-30 03:00:22.303+08
214,Phillip Friesen,2011-06-09 00:00:00+08,"",142,2021-07-01 12:42:31.205+08,2021-09-30 03:00:22.303+08
215,Sergio Koss,2013-07-21 00:00:00+08,"",197,2021-07-01 12:42:31.205+08,2021-09-30 03:00:22.303+08
216,Miss Melba Schamberger,2014-11-08 00:00:00+08,"",198,2021-07-01 12:42:31.205+08,2021-09-30 03:00:22.303+08
217,Miss Alma Wisoky,2015-04-29 00:00:00+08,"",199,2021-07-01 12:42:31.205+08,2021-09-30 03:00:22.303+08
218,Katrina Lebsack,2011-10-24 00:00:00+08,"",200,2021-07-01 12:42:31.205+08,2021-09-30 03:00:22.303+08
219,Jamie Schaefer,2011-03-08 00:00:00+08,"",201,2021-07-01 12:42:31.205+08,2021-09-30 03:00:22.303+08
220,Dr. Claude Vandervort,2012-03-09 00:00:00+08,"",202,2021-07-01 12:42:31.205+08,2021-09-30 03:00:22.303+08
221,Alfredo Schuppe,2013-09-09 00:00:00+08,"",203,2021-07-01 12:42:31.205+08,2021-09-30 03:00:22.303+08
222,Donnie Thompson DVM,2012-08-20 00:00:00+08,"",204,2021-07-01 12:42:31.205+08,2021-09-30 03:00:22.303+08
223,Walter Treutel,2015-05-15 00:00:00+08,"",205,2021-07-01 12:42:31.207+08,2021-09-30 03:00:22.304+08
224,Cesar Pagac,2015-10-18 00:00:00+08,"",36,2021-07-01 12:42:31.207+08,2021-09-30 03:00:22.304+08
225,Laverne Homenick,2011-12-23 00:00:00+08,"",206,2021-07-01 12:42:31.207+08,2021-09-30 03:00:22.304+08
